data_time,weekday,cp_power,oat,oah,downstream_chwsstpt,category1,category2
2023/8/18 0:00,4,32.34821751,78.77510485,80.36063813,44.0539007,4,10
2023/8/18 0:01,4,31.71948609,78.51288724,80.28555538,44.05629629,1,4
2023/8/18 0:02,4,30.03393321,78.8566656,80.0997915,44.05277777,5,4
2023/8/18 0:03,4,29.90210151,78.75531843,80.31021319,44.0539007,3,6
2023/8/18 0:04,4,29.27066393,78.49511089,80.39622282,44,4,7
2023/8/18 0:05,4,28.21153121,78.96914902,80.09319164,44,5,5
2023/8/18 0:06,4,28.79152463,78.86934667,80.3786958,44,1,5
2023/8/18 0:07,4,29.68955298,78.72688789,80.23222238,44,5,1
2023/8/18 0:08,4,27.9693822,78.65391285,80.56239122,44,2,7
2023/8/18 0:09,4,28.92128166,78.7653183,80.42851055,44,5,5
2023/8/18 0:10,4,30.48385187,78.47977678,80.64644436,44,4,1
2023/8/18 0:11,4,27.55723668,78.69808381,80.40319151,44,4,7
2023/8/18 0:12,4,25.90736774,78.67616845,80.44361694,44,1,5
2023/8/18 0:13,4,24.21563653,78.70553055,80.4897867,44,4,4
2023/8/18 0:14,4,22.45291165,78.58391278,80.30173813,44,3,10
2023/8/18 0:15,4,20.88800863,78.78413037,80.28891228,44,1,10
2023/8/18 0:16,4,21.19561017,78.68148951,80.51978649,44,1,9
2023/8/18 0:17,4,22.08226973,78.42288947,80.50488844,44,4,8
2023/8/18 0:18,4,19.5712863,78.89531891,80.24702098,44,2,1
2023/8/18 0:19,4,21.04526053,78.66659613,80.60553151,44,5,1
2023/8/18 0:20,4,20.7565786,78.40622249,80.58888869,44,5,6
2023/8/18 0:21,4,19.6564136,78.7487495,80.43666638,44,3,1
2023/8/18 0:22,4,19.39137496,78.7385414,80.44145794,44,1,4
2023/8/18 0:23,4,20.13788102,78.49565276,80.71739098,44,4,1
2023/8/18 0:24,4,19.67700387,78.5169565,80.50173939,44,5,7
2023/8/18 0:25,4,19.18887229,78.716666,80.44625015,44,5,9
2023/8/18 0:26,4,20.11650772,78.47434746,80.77717407,44,4,5
2023/8/18 0:27,4,18.86951734,78.49325965,80.5184785,44,1,5
2023/8/18 0:28,4,18.35631469,78.69854015,80.56000081,44,3,3
2023/8/18 0:29,4,18.7189157,78.44127464,81.00744783,44,4,1
2023/8/18 0:30,4,17.4285693,78.46404053,80.73021409,44,1,2
2023/8/18 0:31,4,17.98600165,78.66489747,80.67285812,44,4,5
2023/8/18 0:32,4,18.1740374,78.53250042,80.79396013,44,4,3
2023/8/18 0:33,4,18.29759431,78.56479169,80.74208502,44,4,6
2023/8/18 0:34,4,17.21893053,78.44255381,80.63915034,44,3,6
2023/8/18 0:35,4,18.12201319,78.63702236,80.73872432,44,3,2
2023/8/18 0:36,4,17.84522602,78.54770965,80.8131261,44,1,3
2023/8/18 0:37,4,17.17641096,78.54326109,80.65195754,44,2,4
2023/8/18 0:38,4,17.60308867,78.50166729,80.84083298,44,5,6
2023/8/18 0:39,4,17.58566662,78.53375079,80.84645806,44,2,8
2023/8/18 0:40,4,16.48618602,78.5291313,80.66826037,44,2,7
2023/8/18 0:41,4,17.21173744,78.48395881,80.83249973,44,2,8
2023/8/18 0:42,4,16.6253928,78.60979755,80.67081557,44,1,8
2023/8/18 0:43,4,15.49849959,78.39489498,80.9055306,44,1,6
2023/8/18 0:44,4,17.4929488,78.48434857,80.63912848,44,1,3
2023/8/18 0:45,4,16.8666161,78.59326555,80.613876,44,4,7
2023/8/18 0:46,4,16.10612538,78.38340509,80.90638136,44,3,9
2023/8/18 0:47,4,16.51311423,78.34957462,80.75638134,44,5,4
2023/8/18 0:48,4,16.20307739,78.58265316,80.7653059,44,5,4
2023/8/18 0:49,4,17.208306,78.48562606,80.93916625,44,1,3
2023/8/18 0:50,4,14.8230083,78.21000007,81.02108652,44,4,10
2023/8/18 0:51,4,16.89012753,78.56591898,80.84020367,44,1,6
2023/8/18 0:52,4,17.72147602,78.61479231,80.52854204,44,1,4
2023/8/18 0:53,4,14.81781833,78.08622227,81.24666733,44,2,10
2023/8/18 0:54,4,16.81012881,78.16374994,78.97562535,44,1,10
2023/8/18 0:55,4,15.97067633,78.54469314,80.8281632,44,3,2
2023/8/18 0:56,4,15.20716387,78.33361698,81.15127653,44,1,5
2023/8/18 0:57,4,14.08209951,78.29106374,80.95212783,44,3,4
2023/8/18 0:58,4,15.75234348,78.64124987,80.96937406,44,2,7
2023/8/18 0:59,4,14.93962885,78.42500002,81.32673817,44,5,3
2023/8/18 1:00,4,14.26702079,78.27893749,81.16276515,44,3,3
2023/8/18 1:01,4,14.25061506,78.51857308,80.91367247,44,3,6
2023/8/18 1:02,4,15.15171427,78.62166725,80.95666577,44,5,2
2023/8/18 1:03,4,13.68872593,78.13840941,81.44159005,44,2,7
2023/8/18 1:04,4,15.06705065,78.50224541,81.02224482,44,4,7
2023/8/18 1:05,4,15.32710396,78.49551059,80.99918339,44,2,8
2023/8/18 1:06,4,14.96258311,78.1441303,81.4326085,44,5,10
2023/8/18 1:07,4,13.9673574,78.37583342,81.02499992,44,1,4
2023/8/18 1:08,4,15.28739653,78.48326533,80.97918365,44,1,4
2023/8/18 1:09,4,14.69195622,78.12499996,81.4971743,44,1,5
2023/8/18 1:10,4,13.80341402,78.35604171,81.08062527,44,5,4
2023/8/18 1:11,4,12.9736966,78.48416619,80.78770871,44,2,4
2023/8/18 1:12,4,12.43990122,78.14199996,80.75044482,44,4,8
2023/8/18 1:13,4,12.03209751,78.36688856,81.02555604,44,3,10
2023/8/18 1:14,4,14.29967902,78.42127698,81.23808489,44,2,4
2023/8/18 1:15,4,12.89001163,78.32270921,81.27604177,44,5,10
2023/8/18 1:16,4,13.0499007,78.21170198,81.41978713,44,4,5
2023/8/18 1:17,4,13.65340758,78.28812552,81.27541615,44,3,2
2023/8/18 1:18,4,13.69777488,78.33687537,81.17708288,44,4,7
2023/8/18 1:19,4,13.73088652,78.53520854,81.55687425,44,2,6
2023/8/18 1:20,4,11.24255804,78.37361726,81.47659477,44,5,8
2023/8/18 1:21,4,11.24125774,78.49420002,81.30619908,44,2,7
2023/8/18 1:22,4,11.33817669,78.38101988,81.51897918,44,4,4
2023/8/18 1:23,4,10.68153917,78.10434691,81.73847761,44,5,1
2023/8/18 1:24,4,10.95860138,78.47739998,81.38899958,44,3,2
2023/8/18 1:25,4,11.23329814,78.35795896,81.4751021,44,3,2
2023/8/18 1:26,4,9.833413383,78.11170245,81.77297879,44,4,7
2023/8/18 1:27,4,10.34397976,78.44740052,81.37120026,44,1,10
2023/8/18 1:28,4,10.31333314,78.33204133,81.6322459,44.03061224,2,9
2023/8/18 1:29,4,9.64260666,78.09191413,81.94638402,44.03191489,3,5
2023/8/18 1:30,4,8.984188653,78.32020273,81.39367427,44.03061224,3,6
2023/8/18 1:31,4,9.323644638,78.3076587,81.64021294,44,3,4
2023/8/18 1:32,4,9.413167681,78.27616851,81.63744677,44,4,10
2023/8/18 1:33,4,6.585870087,78.08325902,81.57847835,44,3,6
2023/8/18 1:34,4,7.735757191,78.17255164,81.65191494,44,2,3
2023/8/18 1:35,4,7.944836674,78.26934574,81.59130409,44,1,7
2023/8/18 1:36,4,8.27679637,77.97586891,81.63652146,44,3,7
2023/8/18 1:37,4,9.167620354,78.25183698,81.80163229,44,4,9
2023/8/18 1:38,4,9.765017156,78.02422227,81.73555491,44,3,8
2023/8/18 1:39,4,9.477166938,78.15187542,82.20604098,44,5,9
2023/8/18 1:40,4,10.29009736,78.34499996,81.94439924,44,4,4
2023/8/18 1:41,4,10.70335813,78.09729242,82.22833275,44,2,8
2023/8/18 1:42,4,9.39930058,78.33679984,81.94059946,44,5,3
2023/8/18 1:43,4,9.688321426,78.0576593,81.88106374,44,3,3
2023/8/18 1:44,4,9.523114875,78.08520844,82.24479112,44,2,3
2023/8/18 1:45,4,8.063633625,78.13854104,81.58791646,44,5,9
2023/8/18 1:46,4,8.271743894,77.99553057,82.12765926,44,3,9
2023/8/18 1:47,4,8.255583426,78.17404294,82.01446736,44,5,2
2023/8/18 1:48,4,8.320716915,78.18829726,82.07999994,44,1,2
2023/8/18 1:49,4,8.371767957,78.09217254,82.22347843,44,2,9
2023/8/18 1:50,4,8.168316915,77.94382855,82.10787253,44,4,8
2023/8/18 1:51,4,8.258204851,77.95787121,82.05638315,44,1,4
2023/8/18 1:52,4,8.596546133,77.80369509,82.15347789,44,5,6
2023/8/18 1:53,4,8.483783489,77.99577727,82.12739115,44,2,5
2023/8/18 1:54,4,8.149457766,77.93978621,82.11106355,44,5,4
2023/8/18 1:55,4,7.940915854,78.02562398,82.20583388,44,4,8
2023/8/18 1:56,4,8.105280213,77.95148874,82.33170257,44,1,8
2023/8/18 1:57,4,7.903195813,78.03520863,82.1947919,44,1,7
2023/8/18 1:58,4,8.146754319,78.1182993,82.25638343,44,1,5
2023/8/18 1:59,4,8.018534936,77.93617136,82.41744672,44,4,9
2023/8/18 2:00,4,7.962192681,77.94468151,82.01340428,44,3,10
2023/8/18 2:01,4,7.930051417,78.00645929,82.3454165,44,2,9
2023/8/18 2:02,4,8.195546375,78.01750058,82.33125044,44,5,8
2023/8/18 2:03,4,8.150845191,77.95829917,82.22723449,44,2,7
2023/8/18 2:04,4,8.553411478,77.86595864,82.51766013,44,2,8
2023/8/18 2:05,4,8.48452183,77.9151067,82.21872396,44,5,6
2023/8/18 2:06,4,8.217037646,78.02770877,82.62875046,44,1,9
2023/8/18 2:07,4,8.758570915,77.84595798,82.68383006,44,5,3
2023/8/18 2:08,4,8.917253633,78.08102076,82.58142839,44,4,10
2023/8/18 2:09,4,9.579547553,77.87468151,82.86829768,44,4,6
2023/8/18 2:10,4,9.719924638,77.81638272,82.84468057,44,2,3
2023/8/18 2:11,4,9.804159021,77.97583308,82.38583294,44,1,1
2023/8/18 2:12,4,10.55908426,77.85063762,82.9474457,44,1,6
2023/8/18 2:13,4,9.987849213,77.79340268,82.93893555,44,2,10
2023/8/18 2:14,4,11.16034694,78.14559858,82.89639976,44,4,2
2023/8/18 2:15,4,11.17268052,77.94291558,82.81145733,44,1,9
2023/8/18 2:16,4,11.49760279,77.83531721,83.12957353,44,4,7
2023/8/18 2:17,4,9.270357787,77.81489383,82.80446728,44,3,2
2023/8/18 2:18,4,10.69139383,77.90958248,83.07020869,44,2,10
2023/8/18 2:19,4,11.69469747,77.53955578,83.52444491,44,3,8
2023/8/18 2:20,4,9.894081319,77.77255374,83.21808568,44,5,5
2023/8/18 2:21,4,11.2110641,77.88312471,83.10520898,44,5,10
2023/8/18 2:22,4,11.93107228,77.61326137,83.27108796,44,5,2
2023/8/18 2:23,4,10.85607348,77.668044,83.45261004,44,1,4
2023/8/18 2:24,4,11.73593948,77.86312517,83.09541727,44,2,6
2023/8/18 2:25,4,12.61428189,77.49511098,83.58511184,44,2,3
2023/8/18 2:26,4,12.11238356,77.85396019,83.43333452,44,4,2
2023/8/18 2:27,4,12.97674912,77.96061333,83.32081741,44,3,1
2023/8/18 2:28,4,13.67116179,77.74361787,83.70489377,44,2,4
2023/8/18 2:29,4,13.37396973,77.84000115,83.45604181,44,2,3
2023/8/18 2:30,4,11.3155522,77.93347041,83.53510239,44,2,8
2023/8/18 2:31,4,13.34097258,77.82937494,83.73958346,44,4,4
2023/8/18 2:32,4,13.24457029,77.91877559,83.52938798,44,2,3
2023/8/18 2:33,4,11.60268992,77.92244896,83.63938708,44,4,9
2023/8/18 2:34,4,13.62632379,77.84000068,83.51191457,44,3,1
2023/8/18 2:35,4,14.71630414,77.9724498,83.37040898,44,3,5
2023/8/18 2:36,4,13.69592309,77.98042581,83.0663834,44,2,5
2023/8/18 2:37,4,14.86357871,77.7918745,81.55062521,44,4,3
2023/8/18 2:38,4,14.58472253,77.95367347,83.60530571,44,3,10
2023/8/18 2:39,4,13.92368213,77.77979162,83.64083325,44,2,8
2023/8/18 2:40,4,15.54527695,77.86204018,83.62469378,44,2,7
2023/8/18 2:41,4,16.03039116,77.90448908,83.72244865,44,1,10
2023/8/18 2:42,4,16.13433171,77.84489808,83.72469343,44,1,2
2023/8/18 2:43,4,14.37938819,77.75957428,83.60617019,44,1,10
2023/8/18 2:44,4,15.63754448,77.93166671,83.52583258,44,2,6
2023/8/18 2:45,4,15.99471775,77.88375081,83.49833227,44,1,4
2023/8/18 2:46,4,15.1962674,77.73638366,83.6540416,44,3,2
2023/8/18 2:47,4,16.35054682,77.97816371,83.44999898,44,5,10
2023/8/18 2:48,4,16.17637129,77.91229277,83.63187458,44.02194531,4,2
2023/8/18 2:49,4,15.24375641,77.59152176,83.87326054,44.02289946,3,6
2023/8/18 2:50,4,16.13186794,77.96244831,83.52346916,44.02149745,2,2
2023/8/18 2:51,4,17.02884352,77.65913074,83.54195646,44.02289946,5,3
2023/8/18 2:52,4,17.03225568,77.54127674,83.85191485,44.02241223,1,8
2023/8/18 2:53,4,17.38473698,77.70459944,84.09539958,44.0210675,3,3
2023/8/18 2:54,4,18.05843714,77.82999943,84.07745037,44.02065441,1,7
2023/8/18 2:55,4,20.11889124,77.63979498,84.17224396,44.06231378,3,2
2023/8/18 2:56,4,17.79456802,77.7073995,84.10279918,44.02604758,3,7
2023/8/18 2:57,4,19.59834229,77.80509778,83.98843037,44.02553684,4,9
2023/8/18 2:58,4,21.10461608,77.60489716,84.38693757,44.02657916,5,10
2023/8/18 2:59,4,19.86165992,77.56816245,84.37999892,44.03644716,3,9
2023/8/18 3:00,4,20.16665388,77.78705786,84.15725386,44.03501786,2,7
2023/8/18 3:01,4,21.90889932,77.63639962,84.4173993,44.03571822,2,9
2023/8/18 3:02,4,21.72717482,77.53326516,84.46959133,44.03644716,3,8
2023/8/18 3:03,4,20.27322126,77.70279976,84.33079998,44.03073814,4,9
2023/8/18 3:04,4,20.57514188,77.55918378,84.51326539,44.03685918,3,2
2023/8/18 3:05,4,19.27365346,77.44979138,84.36250021,44.03762708,5,5
2023/8/18 3:06,4,20.26792022,77.49795861,82.40000018,44.03685918,1,5
2023/8/18 3:07,4,20.06031652,77.58579952,84.40380046,44.036122,2,8
2023/8/18 3:08,4,20.84132408,77.70098033,84.26078504,44.03541373,4,3
2023/8/18 3:09,4,20.91109347,77.46734688,84.49591873,44.03685918,3,2
2023/8/18 3:10,4,21.89069364,77.75260072,83.96900064,44,1,5
2023/8/18 3:11,4,23.37230498,77.68411859,84.31294155,44,4,10
2023/8/18 3:12,4,23.88988214,77.45449116,84.57857161,44,5,7
2023/8/18 3:13,4,23.607885,77.67666775,84.33490204,44,3,8
2023/8/18 3:14,4,22.14290238,77.54380104,84.47420054,44,3,5
2023/8/18 3:15,4,22.02171941,77.4381642,84.58306163,44,5,2
2023/8/18 3:16,4,21.76230082,77.66156924,84.35549059,44,2,8
2023/8/18 3:17,4,20.52188086,77.65686247,84.35549071,44,3,9
2023/8/18 3:18,4,19.7496482,77.53081633,84.92326612,44,4,10
2023/8/18 3:19,4,20.03202866,77.51839962,84.4256006,44,5,2
2023/8/18 3:20,4,18.62295518,77.50400056,84.1696008,44,2,6
2023/8/18 3:21,4,18.8711478,77.4984003,84.5774009,44,3,1
2023/8/18 3:22,4,19.74446184,77.61882396,84.39372627,44,3,2
2023/8/18 3:23,4,57.789307,78.40001,100,44,3,8
2023/8/18 3:24,4,58.315807,78.380005,100,44,1,3
2023/8/18 3:25,4,19.7943962,77.40098133,84.86294163,44,2,4
2023/8/18 3:26,4,58.315807,78.37001,100,44,1,4
2023/8/18 3:27,4,58.03581,78.37001,100,44,1,2
2023/8/18 3:28,4,20.369999,78.37001,100,44,4,4
2023/8/18 3:29,4,21.6491184,77.33580062,85.0822006,44,5,3
2023/8/18 3:30,4,21.6491184,78.37001,100,44,4,6
2023/8/18 3:31,4,19.02110006,77.520801,84.6332002,44,3,9
2023/8/18 3:32,4,14.51,78.399994,100,44,1,6
2023/8/18 3:33,4,13.73,78.399994,100,44,2,7
2023/8/18 3:34,4,19.99771906,77.4947996,84.69879944,44,3,4
2023/8/18 3:35,4,33.41808,78.399994,100,44,5,8
2023/8/18 3:36,4,54.5584,78.399994,100,44,4,1
2023/8/18 3:37,4,20.12350682,77.47259906,84.68399962,44,5,2
2023/8/18 3:38,4,62.66622,78.399994,100,44,2,8
2023/8/18 3:39,4,69.848946,78.399994,100,44,4,10
2023/8/18 3:40,4,64.09646,78.399994,100,44,5,6
2023/8/18 3:41,4,20.06501406,77.30306084,85.05346937,44,5,5
2023/8/18 3:42,4,60.967316,78.42,100,44,5,7
2023/8/18 3:43,4,56.712807,78.42,100,44,2,10
2023/8/18 3:44,4,19.12604722,77.4214,84.97260034,44,1,2
2023/8/18 3:45,4,68.51694,78.42,100,44,4,3
2023/8/18 3:46,4,71.60223,78.36001,100,44,5,7
2023/8/18 3:47,4,18.96326348,77.40039946,84.91440044,44,3,5
2023/8/18 3:48,4,73.66632,78.350006,100,44,5,10
2023/8/18 3:49,4,63.94773,78.34001,100,44,5,2
2023/8/18 3:50,4,62.50007,78.34001,100,44,1,3
2023/8/18 3:51,4,18.82757072,77.36099852,85.13559996,44,5,1
2023/8/18 3:52,4,54.45787,78.34001,100,44,2,8
2023/8/18 3:53,4,54.39787,78.34001,100,44,4,7
2023/8/18 3:54,4,17.86472016,77.22795869,85.3918362,44.02040816,4,5
2023/8/18 3:55,4,53.092148,78.34001,100,44,5,7
2023/8/18 3:56,4,18.95152951,77.4713718,85.08137196,44.01960784,4,1
2023/8/18 3:57,4,18.79753755,77.22224443,85.39489743,44.02040816,3,7
2023/8/18 3:58,4,20.19675913,77.34859906,85.24839964,44.02,2,4
2023/8/18 3:59,4,21.4298606,77.47519212,85.26249967,44.01923077,3,9
2023/8/18 4:00,4,20.85210564,77.22899886,85.55859986,44.02,5,8
2023/8/18 4:01,4,23.80746733,77.46749858,85.2805765,44.01923077,5,2
2023/8/18 4:02,4,32.23419934,77.35117455,85.3913722,44.01960784,3,7
2023/8/18 4:03,4,31.10711703,77.24469229,85.43795933,44.02040816,1,7
2023/8/18 4:04,4,40.63979606,77.45480625,85.30326923,44.01923077,4,3
2023/8/18 4:05,4,49.75323525,77.33823382,85.41862696,44.03921569,2,2
2023/8/18 4:06,4,57.93973645,77.33215618,85.45137225,44.03921569,1,3
2023/8/18 4:07,4,66.8862481,77.30779932,85.6647998,44.04,4,6
2023/8/18 4:08,4,77.32125598,77.34686273,85.50686251,44.03921569,5,4
2023/8/18 4:09,4,84.38937562,77.37326838,85.53115383,44.03846154,3,10
2023/8/18 4:10,4,92.07553186,77.30539932,85.54100008,44.04,1,1
2023/8/18 4:11,4,93.19652726,77.29940058,85.54839998,44.052,1,6
2023/8/18 4:12,4,95.28657866,77.29100006,85.5605997,44.052,4,2
2023/8/18 4:13,4,99.6609397,77.31539968,85.57860048,44.052,5,9
2023/8/18 4:14,4,101.6493899,77.3077999,85.53000048,44.052,4,1
2023/8/18 4:15,4,103.9520914,77.29360002,85.50420004,44.052,2,1
2023/8/18 4:16,4,106.6963914,77.31779964,85.51080022,44.052,3,1
2023/8/18 4:17,4,107.335767,77.4276478,85.37235306,44.05098039,2,5
2023/8/18 4:18,4,105.7064749,77.17040865,85.62122492,44.05306122,3,8
2023/8/18 4:19,4,105.1075045,77.31480104,85.26880036,44.04,3,1
2023/8/18 4:20,4,103.4110828,77.42509814,85.14568625,44.03921569,3,4
2023/8/18 4:21,4,100.2699242,77.17428641,85.39550967,44.04081633,4,9
2023/8/18 4:22,4,99.87512171,77.44137373,85.14333294,44,3,5
2023/8/18 4:23,4,96.78228082,77.19163429,85.41714224,44,5,4
2023/8/18 4:24,4,96.26486694,77.37353049,85.35431453,44,2,1
2023/8/18 4:25,4,97.7516661,77.80666708,85.47549098,44,5,8
2023/8/18 4:26,4,93.3591727,77.24600048,85.46380082,44,5,8
2023/8/18 4:27,4,92.69532269,77.48653819,85.17865444,44,2,5
2023/8/18 4:28,4,90.43485229,77.37921476,85.30333388,44,1,8
2023/8/18 4:29,4,89.22904102,77.24939842,85.50320084,44,4,10
2023/8/18 4:30,4,89.12589506,77.4821141,85.24038523,44,1,9
2023/8/18 4:31,4,87.43989433,77.37039061,85.36588337,44,1,10
2023/8/18 4:32,4,85.81405474,77.23699932,85.55520092,44,5,3
2023/8/18 4:33,4,85.45410914,77.43588143,85.24313825,44,1,9
2023/8/18 4:34,4,84.23884124,77.32039954,85.22279992,44,4,1
2023/8/18 4:35,4,83.63155068,77.29780046,85.25099982,44,5,6
2023/8/18 4:36,4,83.15320276,77.31740058,85.22859932,44,4,5
2023/8/18 4:37,4,82.3150966,77.31280022,85.11339952,44,3,1
2023/8/18 4:38,4,81.34906914,77.3004012,85.15199954,44,5,10
2023/8/18 4:39,4,80.97813642,77.31680258,85.14919908,44,2,5
2023/8/18 4:40,4,81.06962659,77.4231389,85.02372478,44,4,3
2023/8/18 4:41,4,79.86753269,77.18163402,85.23489712,44,2,8
2023/8/18 4:42,4,80.88448342,77.31260132,85.18939938,44.0142682,5,8
2023/8/18 4:43,4,81.24661255,77.42333482,85.10235214,44,5,2
2023/8/18 4:44,4,80.56707733,77.1822469,85.3538768,44,3,1
2023/8/18 4:45,4,81.4851355,77.31860112,85.34899978,44,4,7
2023/8/18 4:46,4,82.07271396,77.42196237,85.13921555,44,3,1
2023/8/18 4:47,4,81.08788814,77.18265439,85.32530557,44,5,3
2023/8/18 4:48,4,82.43736539,77.42078645,85.06431392,44,5,10
2023/8/18 4:49,4,82.1230427,77.31160224,85.14740036,44,4,6
2023/8/18 4:50,4,82.03338969,77.17204363,85.18530608,44,2,3
2023/8/18 4:51,4,83.54822478,77.40176684,85.06549035,44,5,2
2023/8/18 4:52,4,84.19284514,77.30740142,85.11480026,44,3,4
2023/8/18 4:53,4,84.74796316,77.26960116,85.20560046,44,1,10
2023/8/18 4:54,4,86.00072066,77.31160072,85.06319994,44,2,5
2023/8/18 4:55,4,87.20415778,77.31219862,85.14039962,44,4,6
2023/8/18 4:56,4,87.92315358,77.266798,85.23299962,44,3,10
2023/8/18 4:57,4,89.39094559,77.33265149,84.77632586,44,4,10
2023/8/18 4:58,4,91.47782628,77.29839838,85.01599912,44,5,1
2023/8/18 4:59,4,92.17018802,77.25879848,85.0641994,44,2,7
2023/8/18 5:00,4,93.44405724,77.28099828,84.9609994,44,1,10
2023/8/18 5:01,4,93.84411554,77.2959989,84.98259932,44,5,6
2023/8/18 5:02,4,94.49188222,77.24079936,85.08019948,44,4,7
2023/8/18 5:03,4,95.15978828,77.27479954,84.95059938,44,4,7
2023/8/18 5:04,4,96.08350816,77.28539944,85.00240056,44,5,2
2023/8/18 5:05,4,96.83999674,77.22119926,85.11020084,44,5,5
2023/8/18 5:06,4,99.56020424,77.35313712,84.98372624,44,3,4
2023/8/18 5:07,4,102.7694021,77.11632578,85.18796084,44,1,7
2023/8/18 5:08,4,106.5157811,77.25359912,85.27500064,44,3,2
2023/8/18 5:09,4,106.7851415,77.33744996,85.2307848,44,2,8
2023/8/18 5:10,4,104.4244073,77.10061059,85.40428631,44,4,9
2023/8/18 5:11,4,106.5980789,77.23979802,85.41040058,44,1,3
2023/8/18 5:12,4,111.0011625,77.30313557,85.42039255,44,4,8
2023/8/18 5:13,4,112.8840569,77.07122235,85.53040831,44,1,1
2023/8/18 5:14,4,116.7921942,77.1875992,85.69619924,44,4,9
2023/8/18 5:15,4,119.9318966,77.26705814,85.79431314,44,4,8
2023/8/18 5:16,4,119.7512289,77.03326347,85.87591776,44,1,5
2023/8/18 5:17,4,123.6205313,77.14859924,85.80359906,44,5,4
2023/8/18 5:18,4,126.7380479,77.22352876,86.14901914,44,5,6
2023/8/18 5:19,4,127.4352257,77.0758002,86.27439924,44,3,10
2023/8/18 5:20,4,130.3123749,77.12120062,86.09159916,44,5,6
2023/8/18 5:21,4,132.4391386,77.10280058,86.17219906,44,1,10
2023/8/18 5:22,4,133.9144696,77.04020046,86.30239918,44,1,10
2023/8/18 5:23,4,136.1279171,77.08060022,86.1677989,44,4,8
2023/8/18 5:24,4,137.5883169,77.06979952,86.40879942,44,3,3
2023/8/18 5:25,4,138.7497071,77.01319976,86.57899932,44,1,6
2023/8/18 5:26,4,140.453138,77.06179958,86.40999922,44,3,8
2023/8/18 5:27,4,140.4437723,76.97816239,86.67061169,44,1,10
2023/8/18 5:28,4,142.0666001,77.0016003,86.76619874,44,4,7
2023/8/18 5:29,4,142.1070305,77.05319998,86.6095985,44,2,1
2023/8/18 5:30,4,143.1426111,77.0534007,86.6645985,44,4,3
2023/8/18 5:31,4,144.2301835,76.996801,86.7385986,44,4,1
2023/8/18 5:32,4,148.7767265,77.12823571,86.66529275,44,2,4
2023/8/18 5:33,4,149.255168,77.04340066,86.6673986,44,3,4
2023/8/18 5:34,4,148.6795004,76.90224627,86.92081418,44,2,6
2023/8/18 5:35,4,152.4060693,77.12686275,86.78823345,44,2,8
2023/8/18 5:36,4,151.3896661,77.04140068,86.79759812,44,2,4
2023/8/18 5:37,4,149.996646,76.89918418,86.91346747,44,3,6
2023/8/18 5:38,4,155.6824014,77.13078484,86.78313604,44,4,3
2023/8/18 5:39,4,155.118473,77.03340054,86.77679906,44,1,10
2023/8/18 5:40,4,153.2229268,76.9016338,86.91550914,44,5,1
2023/8/18 5:41,4,158.0929848,77.12431502,86.69960702,44,1,4
2023/8/18 5:42,4,159.0409529,77.12294241,86.69803855,44,2,1
2023/8/18 5:43,4,157.8983594,76.94939059,86.77285612,44,1,5
2023/8/18 5:44,4,160.8961993,76.97720232,86.90799968,44,5,4
2023/8/18 5:45,4,163.1231948,77.12333608,86.73784235,44,1,1
2023/8/18 5:46,4,163.983906,77.0284017,86.8177991,44,1,1
2023/8/18 5:47,4,164.7887896,76.89653286,86.84591765,44,4,7
2023/8/18 5:48,4,167.4768255,77.12059016,86.54647061,44,4,2
2023/8/18 5:49,4,167.6042579,77.0244017,86.63500012,44,4,3
2023/8/18 5:50,4,167.1041052,76.89204157,86.68734706,44,3,10
2023/8/18 5:51,4,168.6934711,77.11608053,86.54548992,44,2,2
2023/8/18 5:52,4,167.9645362,77.02300284,86.62979954,44,1,2
2023/8/18 5:53,4,167.7048462,76.8891848,86.72183667,44,2,3
2023/8/18 5:54,4,168.9649748,77.11647149,86.6570582,44,4,10
2023/8/18 5:55,4,168.5537509,77.10627524,86.58352918,44,4,3
2023/8/18 5:56,4,166.7924341,76.76979233,86.78729129,44,5,7
2023/8/18 5:57,4,169.6963319,77.09725571,86.57235229,44,2,4
2023/8/18 5:58,4,169.6813565,77.09058851,86.61588233,44,2,8
2023/8/18 5:59,4,168.0529876,76.98900226,86.70779978,44,1,1
2023/8/18 6:00,4,166.4504451,76.84510327,86.76775508,44,1,3
2023/8/18 6:01,4,165.7326433,77.06470637,86.64960792,44,5,10
2023/8/18 6:02,4,162.7746076,76.96760076,86.7396004,44,3,10
2023/8/18 6:03,4,161.2851507,76.82796022,86.71979645,44,2,7
2023/8/18 6:04,4,161.5170782,77.05000163,86.67764686,44,5,10
2023/8/18 6:05,4,161.9039851,76.94700104,86.76039972,44,1,10
2023/8/18 6:06,4,164.9418206,76.81775618,86.83612216,44,3,3
2023/8/18 6:07,4,173.5281025,77.0370601,86.698627,44,1,4
2023/8/18 6:08,4,175.944767,77.03470622,86.78646976,44,5,6
2023/8/18 6:09,4,173.3655294,76.70958308,87.01062413,44,2,6
2023/8/18 6:10,4,180.284587,77.04196047,86.787058,44,2,8
2023/8/18 6:11,4,186.7264765,77.03980492,86.79313596,44,3,2
2023/8/18 6:12,4,187.6041668,76.87285845,86.68959096,44,1,4
2023/8/18 6:13,4,189.4304683,76.90180156,86.88719912,44,3,8
2023/8/18 6:14,4,191.8903902,77.04705929,86.68215631,44,5,6
2023/8/18 6:15,4,192.4856998,76.9546005,86.77999954,44,5,1
2023/8/18 6:16,4,190.7167866,76.8416328,86.83673453,44,4,8
2023/8/18 6:17,4,193.303615,77.06196139,86.7243131,44,3,4
2023/8/18 6:18,4,192.17831,76.96540046,86.61579936,44,3,1
2023/8/18 6:19,4,189.7289507,76.85346965,86.67428508,44,4,8
2023/8/18 6:20,4,191.1473368,77.06431302,86.54607763,44,3,9
2023/8/18 6:21,4,189.2814811,77.08117702,86.51666643,44,2,4
2023/8/18 6:22,4,185.7787739,76.91469363,86.4626522,44,4,5
2023/8/18 6:23,4,183.6789725,76.95179938,86.65539916,44,3,10
2023/8/18 6:24,4,181.8367025,77.09529337,86.34215673,44,5,9
2023/8/18 6:25,4,176.4077666,76.9295918,86.29224435,44,3,1
2023/8/18 6:26,4,174.6383602,76.9678003,86.54439946,44,5,6
2023/8/18 6:27,4,172.9463216,77.11078475,86.3505882,44,3,7
2023/8/18 6:28,4,170.1892901,77.0186011,86.38179942,44,3,1
2023/8/18 6:29,4,166.8623319,76.90040831,86.51632582,44,5,2
2023/8/18 6:30,4,167.0999799,77.11764714,86.37176402,44,3,6
2023/8/18 6:31,4,163.8247695,77.0172008,86.36379928,44,2,7
2023/8/18 6:32,4,160.2067137,76.89244982,86.53571378,44,3,3
2023/8/18 6:33,4,160.8354836,77.10470631,86.32941135,44,2,2
2023/8/18 6:34,4,158.7365318,77.10392125,86.32588173,44,3,10
2023/8/18 6:35,4,155.4869262,76.93142778,86.26571371,44,1,9
2023/8/18 6:36,4,155.6559892,76.96299946,86.51939936,44,1,8
2023/8/18 6:37,4,155.1171079,77.10097967,86.29195965,44,3,10
2023/8/18 6:38,4,151.9208309,76.92326429,86.40265239,44,5,6
2023/8/18 6:39,4,152.6652188,76.9603991,86.66319926,44,3,9
2023/8/18 6:40,4,152.5814307,77.0939211,86.44470524,44,5,7
2023/8/18 6:41,4,150.712713,77.00259962,86.46959918,44,5,5
2023/8/18 6:42,4,149.0814191,76.87326471,86.66571363,44,1,7
2023/8/18 6:43,4,150.343766,77.08333229,86.4717641,44,5,2
2023/8/18 6:44,4,149.1163777,76.99819904,86.42639876,44,4,2
2023/8/18 6:45,4,148.3051586,77.00079972,86.4101988,44,5,6
2023/8/18 6:46,4,148.455566,76.94099934,86.67239888,44,5,1
2023/8/18 6:47,4,148.5695547,77.0801962,86.4147049,44,2,2
2023/8/18 6:48,4,146.6014029,76.92102037,86.53306018,44,1,10
2023/8/18 6:49,4,146.6481669,76.94479954,86.81659918,44,5,7
2023/8/18 6:50,4,146.9203636,77.07960741,86.5992148,44,5,1
2023/8/18 6:51,4,145.5350352,76.92265306,86.56959169,44,4,2
2023/8/18 6:52,4,145.3906807,76.94799978,86.83999948,44,2,8
2023/8/18 6:53,4,145.4074971,77.08588206,86.60372473,44,3,7
2023/8/18 6:54,4,143.8602264,77.00599978,86.50679956,44,2,10
2023/8/18 6:55,4,143.6461557,77.02059956,86.47099998,44,5,7
2023/8/18 6:56,4,142.8289665,76.95719942,86.74619998,44,4,7
2023/8/18 6:57,4,142.8268237,77.01219902,86.57340046,44,1,3
2023/8/18 6:58,4,142.0728147,77.02920058,86.514,44,2,10
2023/8/18 6:59,4,141.5478714,76.94245033,86.74632665,44,2,9
2023/8/18 7:00,4,142.1718851,77.10196202,86.59529424,44,4,9
2023/8/18 7:01,4,141.253419,76.95163349,86.52979555,44,5,4
2023/8/18 7:02,4,141.6613884,76.97140122,86.78640014,44,2,7
2023/8/18 7:03,4,141.8554669,77.11156918,86.58058853,44,5,5
2023/8/18 7:04,4,140.6580976,76.95979665,86.5155099,44,1,7
2023/8/18 7:05,4,140.6455621,76.98980014,86.7413994,44,1,4
2023/8/18 7:06,4,140.8471455,77.12784312,86.56117588,44,5,3
2023/8/18 7:07,4,139.9435046,76.97183637,86.50510082,44,3,7
2023/8/18 7:08,4,138.5999204,77.13215688,86.49137237,44,1,1
2023/8/18 7:09,4,138.4770498,76.9945991,86.6937995,44,2,7
2023/8/18 7:10,4,138.2948895,76.97428545,86.43489745,44,5,2
2023/8/18 7:11,4,140.094676,77.1345098,86.50784304,44,3,1
2023/8/18 7:12,4,139.6085092,77.0005998,86.6529995,44,1,9
2023/8/18 7:13,4,141.5316996,77.1384308,86.45921539,44,4,8
2023/8/18 7:14,4,140.0797589,76.98959055,86.41591824,44,3,8
2023/8/18 7:15,4,142.0448432,77.01779914,86.65500028,44,5,1
2023/8/18 7:16,4,142.592373,77.15490129,86.50490224,44,4,1
2023/8/18 7:17,4,139.9359455,76.88562433,86.40104281,44,4,5
2023/8/18 7:18,4,142.7998443,77.16156888,86.43117596,44,1,4
2023/8/18 7:19,4,142.0756525,77.03479992,86.6071996,44,2,6
2023/8/18 7:20,4,140.2412075,77.01653139,86.39183663,44,2,2
2023/8/18 7:21,4,142.239158,77.19294125,86.42313698,44,3,8
2023/8/18 7:22,4,141.8618962,77.06579926,86.5579996,44,5,10
2023/8/18 7:23,4,140.1915983,77.03857151,86.37224484,44,3,5
2023/8/18 7:24,4,141.271123,77.21117665,86.37098014,44,4,8
2023/8/18 7:25,4,140.7764451,77.0872003,86.71239908,44,1,2
2023/8/18 7:26,4,140.4573259,77.22960888,86.49548902,44,5,1
2023/8/18 7:27,4,138.6297987,77.08326588,86.42877467,44,4,7
2023/8/18 7:28,4,140.2277529,77.12320134,86.67039884,44,3,6
2023/8/18 7:29,4,141.2698685,77.26725514,86.50176365,44,5,7
2023/8/18 7:30,4,139.2834921,77.11142867,86.49714206,44,3,3
2023/8/18 7:31,4,141.169274,77.29411739,86.38999961,44,2,6
2023/8/18 7:32,4,138.1457368,77.16440022,86.6097993,44,5,7
2023/8/18 7:33,4,137.7156105,77.14245018,86.47101992,44,2,5
2023/8/18 7:34,4,140.699728,77.33196122,86.4625489,44,4,9
2023/8/18 7:35,4,140.8979811,77.2156013,86.67680012,44,2,7
2023/8/18 7:36,4,140.639024,77.20918408,86.4493879,44,5,7
2023/8/18 7:37,4,143.0544152,77.41254925,86.3566669,44,3,5
2023/8/18 7:38,4,143.0393101,77.28620088,86.55920106,44,1,6
2023/8/18 7:39,4,143.6407438,77.44333349,86.25098145,44,4,3
2023/8/18 7:40,4,144.0621792,77.61125077,86.33833394,44,3,6
2023/8/18 7:41,4,144.6413133,77.49372592,86.10490288,44,3,7
2023/8/18 7:42,4,142.8554481,77.38640072,86.31760136,44,5,2
2023/8/18 7:43,4,141.7702333,77.37918408,85.97612343,44,5,6
2023/8/18 7:44,4,144.1160849,77.59431396,85.91215814,44,1,9
2023/8/18 7:45,4,144.7559145,77.4851998,86.12480132,44,5,8
2023/8/18 7:46,4,144.1187653,77.46693829,85.85204176,44,3,3
2023/8/18 7:47,4,144.8556562,77.68117641,85.81706012,44,1,7
2023/8/18 7:48,4,143.7207981,77.57259966,85.7144006,44,2,3
2023/8/18 7:49,4,142.9160538,77.56122496,85.40918429,44,2,7
2023/8/18 7:50,4,144.2091331,77.77352973,85.3680402,44,5,4
2023/8/18 7:51,4,142.5974496,77.6748008,85.6388009,44,3,10
2023/8/18 7:52,4,144.7530563,77.95140124,85.12500068,44,1,4
2023/8/18 7:53,4,143.1181648,77.83041706,84.98291685,44,5,4
2023/8/18 7:54,4,144.9701809,78.04339976,84.9543996,44,2,3
2023/8/18 7:55,4,144.5822745,77.94122406,85.04530573,44,4,5
2023/8/18 7:56,4,142.344462,77.85653053,84.95081573,44,5,1
2023/8/18 7:57,4,145.482252,78.16979922,84.68119974,44,4,1
2023/8/18 7:58,4,143.9160346,77.98579972,84.74859934,44,5,8
2023/8/18 7:59,4,143.1241965,78.14812398,84.23145723,44,4,2
2023/8/18 8:00,4,143.2815454,78.3695994,84.48879934,44,2,10
2023/8/18 8:01,4,140.2057054,78.17380052,84.70999896,44,3,9
2023/8/18 8:02,4,140.1737297,78.3014004,84.34399936,44,5,5
2023/8/18 8:03,4,140.7495682,78.3360009,84.2423996,44,3,3
2023/8/18 8:04,4,141.7108477,78.37160032,84.38739988,44,2,6
2023/8/18 8:05,4,141.2165955,78.48100044,83.97359974,44,2,6
2023/8/18 8:06,4,142.3993316,78.61938853,83.65285686,44,5,4
2023/8/18 8:07,4,142.0860945,78.80899974,83.7107999,44,4,1
2023/8/18 8:08,4,141.6168382,78.62940062,83.5777997,44,5,2
2023/8/18 8:09,4,142.4126245,78.78395923,82.95416646,44,2,4
2023/8/18 8:10,4,143.8243776,79.05549012,82.67294086,44,2,1
2023/8/18 8:11,4,143.5920986,78.8127997,83.33960002,44,3,3
2023/8/18 8:12,4,144.4843393,78.95374917,82.67124942,44,1,10
2023/8/18 8:13,4,147.9736632,79.18499964,82.58559896,44,2,6
2023/8/18 8:14,4,147.476267,79.05775559,82.9810188,44,2,6
2023/8/18 8:15,4,146.8473131,79.18367349,82.47816249,44,1,3
2023/8/18 8:16,4,146.9708628,79.16140018,82.45839894,44,1,8
2023/8/18 8:17,4,148.7338448,79.29980439,82.37176363,44,5,8
2023/8/18 8:18,4,146.9388442,79.14469369,82.11979576,44,3,1
2023/8/18 8:19,4,148.6124634,79.42775549,81.91102055,44,1,2
2023/8/18 8:20,4,149.1770753,79.52647155,81.83901984,44,4,7
2023/8/18 8:21,4,148.643315,79.43100094,82.00340042,44,4,5
2023/8/18 8:22,4,148.3678409,79.60208492,81.36687548,44,3,6
2023/8/18 8:23,4,150.8253884,79.84379982,81.29420114,44,4,7
2023/8/18 8:24,4,150.5029289,79.75795896,81.37326657,44,2,4
2023/8/18 8:25,4,149.2847132,79.76239928,81.26980096,44,4,1
2023/8/18 8:26,4,150.6912436,79.91918314,81.31224567,44,4,6
2023/8/18 8:27,4,151.2642233,79.96882365,81.16098145,44,4,1
2023/8/18 8:28,4,149.2529519,79.82183751,80.97224578,44,2,2
2023/8/18 8:29,4,150.9127533,80.03320014,80.66820036,44,2,4
2023/8/18 8:30,4,152.579789,80.18098133,80.71254957,44.01009129,5,6
2023/8/18 8:31,4,150.246625,80.0110202,80.71938814,44.02330849,1,4
2023/8/18 8:32,4,151.7273325,80.2017995,80.43100028,44.1128366,5,7
2023/8/18 8:33,4,152.0637921,80.35058696,80.44627469,44.11062412,2,4
2023/8/18 8:34,4,150.8216961,80.31439974,80.45359978,44.1728366,4,8
2023/8/18 8:35,4,150.5161672,80.34714273,80.09040837,44.15369243,3,1
2023/8/18 8:36,4,152.5649557,80.73320024,79.93000018,44.36520652,1,5
2023/8/18 8:37,4,150.1435587,80.66959224,80.05734694,44.44909551,4,8
2023/8/18 8:38,4,148.0939813,80.77122569,79.0281628,44.426376,5,9
2023/8/18 8:39,4,147.0029779,80.84285931,79.03510157,44.57652508,4,8
2023/8/18 8:40,4,147.0591664,80.93705918,79.29058759,44.64946398,3,7
2023/8/18 8:41,4,146.694021,80.91874994,79.1179161,44.66091256,1,3
2023/8/18 8:42,4,146.4233739,81.13428512,78.78020353,44.74128931,5,7
2023/8/18 8:43,4,146.2138507,81.17529339,78.83607771,44.84240224,5,2
2023/8/18 8:44,4,144.4252737,81.02591863,78.79979547,44.81556151,1,9
2023/8/18 8:45,4,145.4367524,81.35265357,78.22285659,44.88078424,5,4
2023/8/18 8:46,4,145.3688502,81.42627392,78.37862743,44.83577414,5,8
2023/8/18 8:47,4,143.6636552,81.28999982,78.38755018,44.90211147,2,2
2023/8/18 8:48,4,146.4533957,81.59431502,77.77137198,44.90595024,3,10
2023/8/18 8:49,4,146.8546227,81.60591888,77.72612214,44.88987937,3,5
2023/8/18 8:50,4,148.7610528,81.88395925,77.24395781,44.92507723,2,1
2023/8/18 8:51,4,148.4194476,81.79653073,77.60897949,44.99546673,5,4
2023/8/18 8:52,4,147.5795272,81.8138003,77.3694001,45.02674702,2,6
2023/8/18 8:53,4,149.4162772,82.03117655,77.13058833,45.01263324,2,2
2023/8/18 8:54,4,147.6071393,81.93836806,76.95183745,45.04736994,2,4
2023/8/18 8:55,4,149.8658865,82.0468001,76.64740106,45.10119822,4,6
2023/8/18 8:56,4,152.1922176,82.28078527,76.45902065,45.09544335,1,5
2023/8/18 8:57,4,151.4627664,82.21562588,76.55104273,45.08892162,3,4
2023/8/18 8:58,4,152.7205873,82.21479127,76.08396035,45.14424444,1,5
2023/8/18 8:59,4,153.991426,82.52764712,75.73411904,45.12725045,1,1
2023/8/18 9:00,4,154.1946818,82.56795961,75.64081757,45.14062041,5,5
2023/8/18 9:01,4,155.4616476,82.59775614,75.78367504,45.18804422,2,9
2023/8/18 9:02,4,156.2811051,82.60224535,75.45347018,45.18050059,3,2
2023/8/18 9:03,4,156.6688867,82.76612269,75.30040896,45.13968427,5,1
2023/8/18 9:04,4,157.9263559,82.79102061,75.28224567,45.16009243,2,10
2023/8/18 9:05,4,159.2608809,82.95083352,74.81625029,45.2291145,5,10
2023/8/18 9:06,4,160.4320267,83.04980058,74.81340028,45.17365762,2,9
2023/8/18 9:07,4,157.8301333,82.92229202,74.97958363,45.18931179,1,1
2023/8/18 9:08,4,159.428281,83.00653037,74.56346861,45.20996316,3,5
2023/8/18 9:09,4,161.1881723,83.2469996,74.29719936,45.2137134,3,2
2023/8/18 9:10,4,159.6423768,83.09770817,74.45687438,45.24264165,5,1
2023/8/18 9:11,4,162.196418,83.36279918,74.1567992,45.24208768,2,1
2023/8/18 9:12,4,160.9233256,83.30142912,74.2497951,45.26743641,1,2
2023/8/18 9:13,4,161.1575635,83.4404081,73.87244827,45.25810641,2,10
2023/8/18 9:14,4,162.1589204,83.49816263,73.87265171,45.27851457,5,8
2023/8/18 9:15,4,162.718742,83.54489814,73.7034681,45.28442131,2,6
2023/8/18 9:16,4,164.2162591,83.81437498,73.22062398,45.27475025,1,4
2023/8/18 9:17,4,164.5335202,83.68591951,73.50652973,45.37712153,1,9
2023/8/18 9:18,4,164.253819,83.77551061,73.01387659,45.37712153,1,9
2023/8/18 9:19,4,165.3770827,84.02083413,72.62333219,45.38497823,5,10
2023/8/18 9:20,4,165.3062576,83.94979592,72.84918265,45.39950873,4,1
2023/8/18 9:21,4,164.9868675,84.01795837,72.79203959,45.42136082,3,3
2023/8/18 9:22,4,166.9632184,84.1917989,72.41799912,45.40812402,5,3
2023/8/18 9:23,4,166.3520677,84.21163276,72.28877461,45.39604492,1,9
2023/8/18 9:24,4,167.4189134,84.26979571,72.17265269,45.44798053,4,9
2023/8/18 9:25,4,168.1439336,84.339184,71.9893869,45.44798053,5,8
2023/8/18 9:26,4,167.9157024,84.48163292,71.84571351,45.4071642,5,4
2023/8/18 9:27,4,168.7322587,84.54020561,71.91142771,45.44798053,1,6
2023/8/18 9:28,4,170.0822487,84.62612327,71.3746938,45.44568337,4,8
2023/8/18 9:29,4,171.93987,84.9000011,71.11791681,45.41330177,4,8
2023/8/18 9:30,4,173.3519547,84.9339606,71.12958348,45.45496844,5,7
2023/8/18 9:31,4,173.7068904,84.89469529,71.0081639,45.4252752,1,4
2023/8/18 9:32,4,174.6732013,85.01326618,70.71449037,45.37247541,5,8
2023/8/18 9:33,4,177.2767463,85.26571563,70.48653108,45.39288357,2,3
2023/8/18 9:34,4,176.6536412,85.04021296,70.98468181,45.3696084,1,5
2023/8/18 9:35,4,178.7370333,85.28360108,70.21620032,45.33971378,3,1
2023/8/18 9:36,4,178.7826805,85.28897884,70.23020433,45.32475473,1,5
2023/8/18 9:37,4,180.3823813,85.28775533,70.36265314,45.33401806,5,3
2023/8/18 9:38,4,181.3778369,85.40183645,69.91836704,45.33401806,3,2
2023/8/18 9:39,4,181.1324649,85.4900002,69.47562431,45.2969118,5,7
2023/8/18 9:40,4,181.8569537,85.50163271,69.86142784,45.31731996,4,3
2023/8/18 9:41,4,182.8723532,85.56530763,69.79836657,45.31731996,3,6
2023/8/18 9:42,4,182.8971072,85.60857147,69.77040739,45.2969118,3,7
2023/8/18 9:43,4,183.981362,85.62285678,69.74591755,45.31914822,1,2
2023/8/18 9:44,4,183.8873357,85.68081543,69.66285655,45.31914822,2,10
2023/8/18 9:45,4,183.0400085,85.75326484,69.26571371,45.29874006,4,4
2023/8/18 9:46,4,184.2667209,85.91439886,69.17379944,45.29174474,3,4
2023/8/18 9:47,4,186.5021369,85.90270879,69.35395779,45.30196479,5,8
2023/8/18 9:48,4,184.1399489,85.84571408,68.97081559,45.27539408,1,1
2023/8/18 9:49,4,182.2151375,85.82020084,68.6529997,45.26187366,4,1
2023/8/18 9:50,4,184.7375268,85.91580102,68.7369995,45.26187366,5,2
2023/8/18 9:51,4,183.2365508,85.93220036,68.53399954,45.25920866,3,9
2023/8/18 9:52,4,183.2747214,86.01499988,68.37770831,45.30863506,1,9
2023/8/18 9:53,4,188.0471412,86.12285765,68.56101994,45.24928796,5,6
2023/8/18 9:54,4,184.9582064,86.1524482,68.437346,45.29149455,1,2
2023/8/18 9:55,4,183.118449,86.12620036,68.38099958,45.26566466,5,9
2023/8/18 9:56,4,186.147941,86.36740072,68.28079992,45.2336772,5,3
2023/8/18 9:57,4,185.7510575,86.24839954,68.34619968,45.26566466,5,4
2023/8/18 9:58,4,182.4319101,86.18326535,68.05836722,45.28252884,5,1
2023/8/18 9:59,4,186.5093067,86.42254904,67.78764698,45.25184143,5,3
2023/8/18 10:00,4,186.9281076,86.3980002,67.71539988,45.27687826,1,1
2023/8/18 10:01,4,185.9278126,86.43700084,67.7393997,45.31687826,1,4
2023/8/18 10:02,4,187.9213976,86.5887759,67.76693876,45.2496032,3,6
2023/8/18 10:03,4,186.7191854,86.56820092,67.51739968,45.2965986,2,3
2023/8/18 10:04,4,188.8506529,86.73510369,67.32550969,45.3230598,2,10
2023/8/18 10:05,4,190.3058466,86.78387773,67.0736732,45.28224347,4,1
2023/8/18 10:06,4,189.0132609,87.02604263,66.40291677,45.31823856,5,4
2023/8/18 10:07,4,191.0307798,86.85019625,66.8954902,45.24894996,2,1
2023/8/18 10:08,4,192.2993398,86.85645763,66.70791679,45.27785663,5,2
2023/8/18 10:09,4,189.788823,87.01000055,66.57551078,45.31254606,1,3
2023/8/18 10:10,4,192.4831902,87.03470678,66.59823588,45.26652171,4,6
2023/8/18 10:11,4,192.0600752,86.80693937,66.69346986,45.27740014,3,10
2023/8/18 10:12,4,193.4473619,87.08764765,66.1096081,45.26652171,1,6
2023/8/18 10:13,4,190.7634719,87.0174006,66.23300022,45.27580486,4,8
2023/8/18 10:14,4,193.0007562,86.87836663,66.42326606,45.2406172,3,6
2023/8/18 10:15,4,194.1652674,87.15941096,65.978824,45.23118124,1,7
2023/8/18 10:16,4,191.5034351,87.08459978,66.0338006,45.25580486,4,9
2023/8/18 10:17,4,194.505103,87.21428465,65.82632673,45.27229743,1,8
2023/8/18 10:18,4,194.0874893,87.23959039,65.58877565,45.2314811,4,1
2023/8/18 10:19,4,192.4799549,87.27999914,65.57469406,45.31311376,3,7
2023/8/18 10:20,4,194.173882,87.48215765,65.24960814,45.24696506,1,5
2023/8/18 10:21,4,191.0537885,87.15020042,65.48260038,45.20025666,5,7
2023/8/18 10:22,4,190.3402113,87.29568718,65.37215751,45.22298302,5,10
2023/8/18 10:23,4,192.1646748,87.38307717,65.26769292,45.19884373,4,1
2023/8/18 10:24,4,189.6719454,87.24220078,65.39720028,45.23906914,4,2
2023/8/18 10:25,4,191.236777,87.44288425,65.09038467,45.21146398,3,6
2023/8/18 10:26,4,190.2257961,87.50919952,65.03500008,45.26259404,1,2
2023/8/18 10:27,4,189.7547889,87.43306045,65.03591857,45.24754494,1,8
2023/8/18 10:28,4,191.112063,87.65411722,64.63666641,45.23853184,2,7
2023/8/18 10:29,4,187.9806795,87.5194109,64.78411729,45.23853184,4,1
2023/8/18 10:30,4,190.4470418,87.76372463,64.41941167,45.2284051,4,10
2023/8/18 10:31,4,186.8597143,87.51260038,64.69779946,45.2129732,4,6
2023/8/18 10:32,4,186.9645942,87.65215647,64.58509788,45.21294092,2,7
2023/8/18 10:33,4,188.1527085,87.75980667,64.39923054,45.18961513,5,5
2023/8/18 10:34,4,185.5758948,87.60819918,64.3378,45.19719974,4,5
2023/8/18 10:35,4,186.1207225,87.74117604,64.09098039,45.14853188,2,1
2023/8/18 10:36,4,188.328482,87.84423063,63.97307663,45.13696833,3,6
2023/8/18 10:37,4,187.6920193,87.94229035,63.52249981,45.25469023,2,6
2023/8/18 10:38,4,188.6198036,87.88999954,63.65769217,45.21746908,5,2
2023/8/18 10:39,4,186.7269921,87.88470443,63.66568641,45.24856941,4,7
2023/8/18 10:40,4,186.5594151,87.91470529,63.57509814,45.31002282,2,1
2023/8/18 10:41,4,186.8194594,87.90823625,63.54784324,45.30753175,4,6
2023/8/18 10:42,4,185.7371235,87.97490141,63.48117655,45.30753175,1,1
2023/8/18 10:43,4,188.8292821,88.18215531,62.95000073,45.27067696,5,1
2023/8/18 10:44,4,186.4338665,87.99244786,63.02673486,45.32254133,1,3
2023/8/18 10:45,4,187.663665,88.17979898,62.8824004,45.31908046,1,6
2023/8/18 10:46,4,187.1555208,88.1194225,62.95788517,45.30271702,1,7
2023/8/18 10:47,4,185.8849659,88.05959092,62.95918459,45.32337884,3,4
2023/8/18 10:48,4,186.8562771,88.16788454,62.94750042,45.28140048,4,8
2023/8/18 10:49,4,185.9598953,88.09392204,63.08647092,45.28691814,1,5
2023/8/18 10:50,4,184.9009204,87.97840074,63.21740034,45.25951698,3,2
2023/8/18 10:51,4,188.4829471,88.2375001,62.95192346,45.25850837,4,7
2023/8/18 10:52,4,187.268971,88.19901992,63.09705929,45.29338964,4,7
2023/8/18 10:53,4,187.2330914,88.34780084,62.47220044,45.32153018,5,3
2023/8/18 10:54,4,188.1672775,88.33419986,62.07260038,45.34425772,5,8
2023/8/18 10:55,4,188.4793623,88.33020002,62.14840046,45.4396837,5,4
2023/8/18 10:56,4,189.8094462,88.42901929,62.04902004,45.43355353,1,7
2023/8/18 10:57,4,186.9264579,88.35306122,61.84653053,45.49206592,5,8
2023/8/18 10:58,4,189.5374552,88.53156841,61.82117657,45.43255,2,7
2023/8/18 10:59,4,187.6608045,88.46279974,61.82860024,45.441201,2,10
2023/8/18 11:00,4,187.6769485,88.43265318,61.60897978,45.47039186,2,9
2023/8/18 11:01,4,217.7151,94.08,57.160004,44,4,5
2023/8/18 11:02,4,232.89668,94.77,57.160004,44,1,6
2023/8/18 11:03,4,189.1916332,88.48719998,61.4884001,45.4411074,4,9
2023/8/18 11:04,4,189.530901,88.59159986,61.04520016,45.4811074,4,4
2023/8/18 11:05,4,188.47135,88.51019952,61.25120032,45.47524134,1,8
2023/8/18 11:06,4,189.7358094,88.63490157,61.17980394,45.46774096,1,4
2023/8/18 11:07,4,188.5143791,88.60979545,60.94346924,45.51398931,4,5
2023/8/18 11:08,4,188.1285906,88.58579954,61.3904002,45.53167308,1,5
2023/8/18 11:09,4,191.568447,88.64365415,61.86384652,45.45429233,4,1
2023/8/18 11:10,4,191.2923722,88.59680072,61.69240024,45.47709338,4,3
2023/8/18 11:11,4,193.0972663,88.6878851,61.88346188,45.45874363,4,2
2023/8/18 11:12,4,192.4254972,88.62392063,61.90588257,45.56973708,5,3
2023/8/18 11:13,4,193.0174309,88.6986001,61.64140036,45.53895088,2,10
2023/8/18 11:14,4,193.8009762,88.79153938,61.63692304,45.53745277,5,3
2023/8/18 11:15,4,191.7408639,88.72078455,61.68960784,45.56263704,3,8
2023/8/18 11:16,4,191.0215534,88.81379996,61.45820006,45.55388978,3,1
2023/8/18 11:17,4,192.1994478,88.93269258,61.468654,45.51093369,3,7
2023/8/18 11:18,4,190.6489973,88.87902,60.99725492,45.54055984,3,4
2023/8/18 11:19,4,191.9506193,88.97098053,60.88745092,45.54055984,2,8
2023/8/18 11:20,4,190.4098535,88.8462008,61.03980008,45.54610478,5,8
2023/8/18 11:21,4,193.2014374,89.05346231,60.8553846,45.52894383,5,1
2023/8/18 11:22,4,192.7404403,89.0633331,60.88254904,45.51216947,5,6
2023/8/18 11:23,4,192.7032805,89.09333388,60.82901959,45.46506884,5,8
2023/8/18 11:24,4,192.7546311,89.10607878,60.81470524,45.52789876,2,10
2023/8/18 11:25,4,193.6799137,89.13254843,60.82470514,45.48448537,3,6
2023/8/18 11:26,4,194.7076732,89.12549131,60.71686247,45.42552488,3,6
2023/8/18 11:27,4,194.6162164,89.19176339,60.7398038,45.46688782,4,1
2023/8/18 11:28,4,195.768532,89.19391916,60.59745145,45.39669727,2,8
2023/8/18 11:29,4,195.9287033,89.13450988,60.56862788,45.43591296,4,1
2023/8/18 11:30,4,195.759512,89.22745059,60.62490247,45.43591296,2,4
2023/8/18 11:31,4,197.2763562,89.3275001,60.53423096,45.40829925,1,9
2023/8/18 11:32,4,195.0241067,89.11640032,60.51680016,45.37326102,1,3
2023/8/18 11:33,4,197.9170046,89.33807535,60.424231,45.33967406,5,5
2023/8/18 11:34,4,196.8366234,89.27607747,60.63647018,45.36594218,4,9
2023/8/18 11:35,4,195.5770332,89.16879918,60.59279946,45.30645132,2,4
2023/8/18 11:36,4,178.95595,96.88,52.090004,45,1,5
2023/8/18 11:37,4,178.63594,96.88,52.090004,45,1,6
2023/8/18 11:38,4,196.9451428,89.18579946,60.46359924,45.2906562,2,7
2023/8/18 11:39,4,178.83395,96.88,52.090004,45,2,4
2023/8/18 11:40,4,180.66849,96.88,52.090004,45,2,1
2023/8/18 11:41,4,198.1079581,89.3807842,60.35176392,45.28029451,2,10
2023/8/18 11:42,4,189.14853,96.88,55.4,45,5,6
2023/8/18 11:43,4,191.80122,96.88,55.4,45,4,2
2023/8/18 11:44,4,198.7503833,89.4603839,60.37461454,45.24171669,2,3
2023/8/18 11:45,4,193.63812,94.740005,55.4,45,1,8
2023/8/18 11:46,4,195.33125,94.7,55.4,45,3,9
2023/8/18 11:47,4,196.8231397,89.4111759,60.233136,45.24691702,4,5
2023/8/18 11:48,4,204.51265,94.7,55.4,45,1,10
2023/8/18 11:49,4,218.08821,94.7,55.4,45,2,10
2023/8/18 11:50,4,216.87767,94.979996,55.4,45,5,10
2023/8/18 11:51,4,195.6651902,89.30279982,60.23739852,45.21633886,4,4
2023/8/18 11:52,4,216.62836,95.009995,55.1,45,4,7
2023/8/18 11:53,4,216.78836,95.009995,55.1,45,4,2
2023/8/18 11:54,4,197.4287969,89.34686265,60.27411667,45.18108218,1,1
2023/8/18 11:55,4,216.8084,95.009995,55.1,45,1,4
2023/8/18 11:56,4,215.1703,95.009995,55.1,45,3,3
2023/8/18 11:57,4,198.3229485,89.43615383,60.30826862,45.1682506,5,5
2023/8/18 11:58,4,216.74425,95.009995,55.1,45,2,1
2023/8/18 11:59,4,215.57005,95.009995,55.1,45,3,9
2023/8/18 12:00,4,197.463471,89.41097953,60.2480388,45.18908833,3,10
2023/8/18 12:01,4,208.55934,94.52,55.1,46,1,1
2023/8/18 12:02,4,200.6634727,89.67745167,60.04901908,45.12505882,4,3
2023/8/18 12:03,4,194.20407,94.34999,55.53,46,5,7
2023/8/18 12:04,4,178.38342,94.34999,55.53,46,2,5
2023/8/18 12:05,4,201.4991612,89.77823729,60.14215675,45.12682031,4,1
2023/8/18 12:06,4,175.68686,94.34999,55.53,46,4,5
2023/8/18 12:07,4,175.20686,94.27,55.53,46,2,7
2023/8/18 12:08,4,175.20686,94.31,55.53,46,2,10
2023/8/18 12:09,4,198.494182,89.69980331,60.08588298,45.22067784,4,8
2023/8/18 12:10,4,174.70686,94.31,55.53,46,3,3
2023/8/18 12:11,4,174.96443,94.31,55.090004,46,4,2
2023/8/18 12:12,4,200.3552996,89.78461477,59.96307777,45.14875367,5,8
2023/8/18 12:13,4,175.82556,94.31,55.090004,46,4,8
2023/8/18 12:14,4,177.14494,94.31,55.090004,46,2,2
2023/8/18 12:15,4,199.9652568,89.79480704,59.64173042,45.23983588,5,4
2023/8/18 12:16,4,177.14494,94.31,55.090004,46,4,10
2023/8/18 12:17,4,178.2252,94.56999,55.090004,46,4,1
2023/8/18 12:18,4,178.87224,94.48999,55.090004,46,3,9
2023/8/18 12:19,4,198.0086015,89.77279914,59.57379936,45.30201752,2,10
2023/8/18 12:20,4,187.72656,94.48999,55.090004,46,1,4
2023/8/18 12:21,4,192.32156,94.48999,56.440002,46,1,8
2023/8/18 12:22,4,196.8516505,89.83196092,59.50725445,45.33265331,1,4
2023/8/18 12:23,4,195.41814,93.92,56.440002,46,1,3
2023/8/18 12:24,4,195.41814,93.83,56.440002,46,2,1
2023/8/18 12:25,4,195.1047872,89.79846262,59.47384598,45.35262579,5,8
2023/8/18 12:26,4,205.01973,93.83,56.440002,46,2,9
2023/8/18 12:27,4,216.52467,93.83,56.440002,46,4,6
2023/8/18 12:28,4,191.2358119,89.79255012,59.43686304,45.3936192,1,5
2023/8/18 12:29,4,217.93044,93.83,56.440002,46,1,6
2023/8/18 12:30,4,218.2598,93.83,56.440002,46,2,8
2023/8/18 12:31,4,219.31627,93.83,56.789997,44,4,9
2023/8/18 12:32,4,194.9350953,90.0053855,59.02538465,45.38412223,5,6
2023/8/18 12:33,4,241.37123,94.759995,56.789997,44,2,10
2023/8/18 12:34,4,263.582,95.06,56.789997,44,3,10
2023/8/18 12:35,4,195.2770382,90.06639988,58.61360056,45.46078098,5,4
2023/8/18 12:36,4,279.47464,95.06,56.789997,44,5,8
2023/8/18 12:37,4,282.30356,95.06,56.789997,44,4,3
2023/8/18 12:38,4,195.0043581,89.99254916,58.53823571,45.37585567,5,2
2023/8/18 12:39,4,285.49045,96.189995,56.789997,44,1,10
2023/8/18 12:40,4,287.17065,96.649994,56.789997,44,1,6
2023/8/18 12:41,4,275.86246,96.649994,52.35,44,5,7
2023/8/18 12:42,4,199.0611707,90.13764663,58.24588292,45.38827775,4,6
2023/8/18 12:43,4,251.30487,96.97,52.35,44,5,3
2023/8/18 12:44,4,234.32062,96.97,52.35,44,5,3
2023/8/18 12:45,4,198.2416021,90.04431404,58.2323539,45.38471567,1,10
2023/8/18 12:46,4,223.83244,96.97,52.35,44,3,2
2023/8/18 12:47,4,212.83641,96.97,52.35,44,4,4
2023/8/18 12:48,4,197.5009771,89.8704006,58.55600044,45.39140194,5,4
2023/8/18 12:49,4,208.45078,97.85,52.35,44,5,1
2023/8/18 12:50,4,203.0667,97.97001,52.35,44,2,8
2023/8/18 12:51,4,200.34593,97.97001,49.75,44,2,1
2023/8/18 12:52,4,198.0436662,89.93843192,58.9121569,45.42343514,5,8
2023/8/18 12:53,4,199.95593,97.97001,49.75,44,3,8
2023/8/18 12:54,4,200.82187,97.77,49.75,44,3,6
2023/8/18 12:55,4,197.7650249,89.81000077,59.22038452,45.42173033,4,10
2023/8/18 12:56,4,199.75975,97.65,49.75,44,1,4
2023/8/18 12:57,4,197.95375,97.509995,49.75,44,5,10
2023/8/18 12:58,4,198.4329741,89.60627327,59.19784333,45.42711033,3,2
2023/8/18 12:59,4,198.00375,97.509995,49.75,44,1,2
2023/8/18 13:00,4,198.69894,97.509995,49.75,44,4,8
2023/8/18 13:01,4,200.6688564,89.7387998,58.94400052,45.39078468,3,10
2023/8/18 13:02,4,199.50224,97.509995,51.829998,44,4,10
2023/8/18 13:03,4,199.77225,97.509995,51.829998,44,3,9
2023/8/18 13:04,4,202.29652,97.06999,51.829998,44,4,9
2023/8/18 13:05,4,197.7471299,89.58365367,59.41576962,45.41527281,3,9
2023/8/18 13:06,4,213.82312,97.11,51.829998,44,5,9
2023/8/18 13:07,4,225.46153,97.159996,51.829998,44,5,10
2023/8/18 13:08,4,197.0303656,89.55779956,59.62580048,45.459849,3,4
2023/8/18 13:09,4,222.05287,97.159996,51.829998,44,1,5
2023/8/18 13:10,4,227.6687,97.159996,51.829998,44,5,3
2023/8/18 13:11,4,195.1825355,89.38470622,59.77666657,45.45672284,2,2
2023/8/18 13:12,4,233.93372,97.600006,53.349995,44,1,7
2023/8/18 13:13,4,239.47615,97.78001,53.349995,44,1,8
2023/8/18 13:14,4,239.87914,97.78001,53.349995,44,1,4
2023/8/18 13:15,4,195.1438396,89.38921531,60.00156802,45.45337902,5,4
2023/8/18 13:16,4,240.37914,97.78001,53.349995,44,3,9
2023/8/18 13:17,4,241.80342,97.78001,53.349995,44,2,5
2023/8/18 13:18,4,194.5729729,89.36529441,60.04686284,45.48493247,4,5
2023/8/18 13:19,4,243.7076,97.78001,53.349995,44,1,7
2023/8/18 13:20,4,242.89156,97.78001,53.349995,44,4,6
2023/8/18 13:21,4,194.8432131,89.28862788,60.10588257,45.40304735,4,1
2023/8/18 13:22,4,241.91145,98.46,53.35,44,1,5
2023/8/18 13:23,4,241.02983,98.72001,53.35,44,1,5
2023/8/18 13:24,4,195.9532526,89.26941145,59.9737258,45.41775914,2,5
2023/8/18 13:25,4,240.81573,98.72001,53.35,44,2,9
2023/8/18 13:26,4,240.79573,98.72001,53.35,44,1,1
2023/8/18 13:27,4,239.26117,99.34999,53.35,44,5,8
2023/8/18 13:28,4,197.3537072,89.17039249,60.09196104,45.40365178,2,7
2023/8/18 13:29,4,240.4685,99.490005,53.35,44,3,1
2023/8/18 13:30,4,240.9785,99.490005,53.35,44,3,2
2023/8/18 13:31,4,200.0737558,89.155193,60.33211542,45.36834802,1,4
2023/8/18 13:32,4,240.732,99.490005,51.24,44,2,9
2023/8/18 13:33,4,240.61148,99.490005,51.24,44,4,6
2023/8/18 13:34,4,197.0540153,89.1423074,60.12269177,45.39113404,1,7
2023/8/18 13:35,4,240.52826,100,51.24,44,1,6
2023/8/18 13:36,4,240.32826,100,51.24,44,3,8
2023/8/18 13:37,4,195.0455642,89.0523531,60.00352894,45.37052388,1,4
2023/8/18 13:38,4,239.91328,100.04999,51.24,44,1,1
2023/8/18 13:39,4,235.31358,99.99999,51.24,44,3,10
2023/8/18 13:40,4,236.24359,99.99999,51.24,44,1,10
2023/8/18 13:41,4,193.0450264,89.12431347,59.96411753,45.33944327,5,4
2023/8/18 13:42,4,236.08359,99.99999,50.47,44,1,3
2023/8/18 13:43,4,237.41092,99.74,50.47,44,4,2
2023/8/18 13:44,4,191.8651492,89.04769138,60.28807665,45.36223454,2,7
2023/8/18 13:45,4,243.34045,99.67,50.47,44,1,3
2023/8/18 13:46,4,245.56474,99.56999,50.47,44,5,4
2023/8/18 13:47,4,194.4193671,89.0969229,60.34076935,45.36053069,4,3
2023/8/18 13:48,4,244.41473,99.56999,50.47,44,3,9
2023/8/18 13:49,4,249.4303,99.56999,50.47,44,5,8
2023/8/18 13:50,4,249.4303,99.56999,50.47,44,1,5
2023/8/18 13:51,4,193.4971933,88.79846098,60.71653771,45.42755231,3,6
2023/8/18 13:52,4,250.7597,99.56999,51.49,44,5,7
2023/8/18 13:53,4,251.3599,99.56999,51.49,44,4,10
2023/8/18 13:54,4,194.3951859,88.80156914,60.95058814,45.46298104,5,1
2023/8/18 13:55,4,253.03998,97.96001,51.49,44,4,8
2023/8/18 13:56,4,254.70258,97.79001,51.49,44,5,7
2023/8/18 13:57,4,193.1321639,88.71686255,61.12823482,45.47555957,4,1
2023/8/18 13:58,4,253.9605,97.79001,51.49,44,3,10
2023/8/18 13:59,4,253.93431,97.54,51.49,44,1,4
2023/8/18 14:00,4,192.0584759,88.68999963,61.17235304,45.53718465,4,9
2023/8/18 14:01,4,245.94858,97.61,51.49,44,4,6
2023/8/18 14:02,4,243.77928,97.61,52.04,44,1,5
2023/8/18 14:03,4,244.08589,97.61,52.04,44,1,5
2023/8/18 14:04,4,186.005607,88.49211581,61.18615425,45.52307042,2,5
2023/8/18 14:05,4,236.5328,97.61,52.04,44,5,5
2023/8/18 14:06,4,228.71571,97.61,52.04,44,5,9
2023/8/18 14:07,4,184.9838098,88.44096175,61.20038552,45.51274287,1,3
2023/8/18 14:08,4,224.77971,97.61,49.579998,44,4,10
2023/8/18 14:09,4,215.61713,98.82,49.579998,44,1,3
2023/8/18 14:10,4,181.8714361,88.29884633,61.21923154,45.53758287,1,6
2023/8/18 14:11,4,213.00668,98.990005,49.579998,44,1,10
2023/8/18 14:12,4,211.65668,98.990005,48.840004,44,3,6
2023/8/18 14:13,4,207.2875,98.990005,48.840004,44,1,9
2023/8/18 14:14,4,179.0821174,88.14254741,61.32411784,45.57389482,5,4
2023/8/18 14:15,4,201.3306,98.990005,48.840004,44,1,5
2023/8/18 14:16,4,192.5735,99.34001,48.840004,44,4,7
2023/8/18 14:17,4,178.4657193,88.08333333,62.00470535,45.54167945,5,4
2023/8/18 14:18,4,190.46071,99.15001,48.840004,44,1,8
2023/8/18 14:19,4,190.46071,99.15001,48.840004,44,1,1
2023/8/18 14:20,4,176.0335991,88.01882457,61.96999953,45.545107,2,6
2023/8/18 14:21,4,190.42184,99.15001,48.840004,44,1,4
2023/8/18 14:22,4,187.74712,99.15001,54.9,44,3,2
2023/8/18 14:23,4,183.34067,96.45,54.9,44,3,1
2023/8/18 14:24,4,171.6745138,88.15000135,61.85725384,45.56414388,5,1
2023/8/18 14:25,4,183.34067,96.45,54.9,44,1,5
2023/8/18 14:26,4,182.69586,94.340004,54.9,44,4,7
2023/8/18 14:27,4,167.2385417,87.84274596,62.92568576,45.57655661,5,5
2023/8/18 14:28,4,174.82074,92.9,60.539997,44,3,4
2023/8/18 14:29,4,170.48715,92.9,60.539997,44,3,10
2023/8/18 14:30,4,163.6225115,87.66211592,63.24692279,45.59965008,2,8
2023/8/18 14:31,4,170.08714,92.9,60.539997,44,5,6
2023/8/18 14:32,4,169.22716,90.46001,66.54,44,2,5
2023/8/18 14:33,4,162.569484,87.51999973,63.58423108,45.59057331,5,5
2023/8/18 14:34,4,162.4307,90.04,66.54,44,2,6
2023/8/18 14:35,4,160.86201,89.69,66.54,44,2,8
2023/8/18 14:36,4,159.29897,89.69,66.54,44,4,1
2023/8/18 14:37,4,164.1220656,87.70884565,63.37653819,45.48106238,2,8
2023/8/18 14:38,4,156.82567,89.69,66.54,44,2,7
2023/8/18 14:39,4,156.42903,89.69,66.54,44,2,9
2023/8/18 14:40,4,165.1427129,87.60113221,63.67886851,45.50225672,4,7
2023/8/18 14:41,4,155.92903,89.69,70.38,44,3,8
2023/8/18 14:42,4,154.00674,88.58,70.38,44,1,5
2023/8/18 14:43,4,161.074813,87.60538554,63.67634708,45.4984899,5,3
2023/8/18 14:44,4,153.99896,88.56,70.38,44,2,8
2023/8/18 14:45,4,154.94423,88.56,70.38,44,1,6
2023/8/18 14:46,4,163.5287623,87.52360012,63.1294004,45.53349228,1,6
2023/8/18 14:47,4,160.02672,88.56,70.38,44,3,8
2023/8/18 14:48,4,159.34416,88.61,70.38,44,2,8
2023/8/18 14:49,4,159.34416,88.65999,70.38,44,3,3
2023/8/18 14:50,4,165.9197779,87.73480731,63.13461454,45.47742577,5,2
2023/8/18 14:51,4,160.6715,88.65999,68.86,44,4,8
2023/8/18 14:52,4,161.45381,88.65999,68.86,44,2,8
2023/8/18 14:53,4,165.7428566,87.78961625,62.9842295,45.47638744,5,9
2023/8/18 14:54,4,160.8138,88.92999,68.86,44,3,5
2023/8/18 14:55,4,162.13164,88.92999,68.86,44,2,6
2023/8/18 14:56,4,163.0298815,87.72259988,62.42719962,45.54786106,3,1
2023/8/18 14:57,4,163.33981,88.92999,68.86,44,3,3
2023/8/18 14:58,4,165.21791,89.619995,68.86,44,3,9
2023/8/18 14:59,4,163.0541186,87.69720004,62.39239948,45.53198108,5,10
2023/8/18 15:00,4,168.91524,89.729996,68.86,44,5,6
2023/8/18 15:01,4,169.00548,89.729996,67.18,44,3,7
2023/8/18 15:02,4,169.71548,89.97,67.18,44,4,4
2023/8/18 15:03,4,163.6472277,87.79901988,62.64411778,45.4806322,1,1
2023/8/18 15:04,4,169.93835,90.12001,67.18,44,1,4
2023/8/18 15:05,4,169.93835,90.2,67.18,44,3,2
2023/8/18 15:06,4,163.0969119,87.67423035,62.95557606,45.54537492,4,6
2023/8/18 15:07,4,169.36836,90.270004,67.18,44,2,4
2023/8/18 15:08,4,169.20836,90.270004,67.18,44,4,2
2023/8/18 15:09,4,160.3005123,87.50879974,62.8157995,45.5894415,2,5
2023/8/18 15:10,4,169.30896,90.270004,67.18,44,1,1
2023/8/18 15:11,4,169.56895,90.270004,65.560005,44,1,9
2023/8/18 15:12,4,161.0617988,87.49339968,62.65140008,45.57065076,5,1
2023/8/18 15:13,4,169.33894,90.270004,65.560005,44,4,10
2023/8/18 15:14,4,169.33466,90.92,65.560005,44,1,4
2023/8/18 15:15,4,169.53465,91.01,65.560005,44,3,10
2023/8/18 15:16,4,162.3835483,87.57442381,62.91711569,45.5453021,3,10
2023/8/18 15:17,4,169.82465,91.1,65.560005,44,2,10
2023/8/18 15:18,4,170.22464,91.1,65.560005,44,4,9
2023/8/18 15:19,4,161.8829998,87.51461613,62.36725492,45.5167486,5,3
2023/8/18 15:20,4,177.35968,91.33,65.560005,44,4,1
2023/8/18 15:21,4,175.3998,91.41,67.71001,44,5,3
2023/8/18 15:22,4,161.6609334,87.47941208,62.4682352,45.58712945,5,8
2023/8/18 15:23,4,175.3998,91.41,67.71001,44,1,10
2023/8/18 15:24,4,175.11331,91.41,67.71001,44,4,4
2023/8/18 15:25,4,174.86575,91.41,67.71001,44,4,9
2023/8/18 15:26,4,159.0654969,87.26784224,63.23862686,45.56479235,1,8
2023/8/18 15:27,4,174.94576,91.41,67.71001,44,3,10
2023/8/18 15:28,4,175.30576,91.41,72.03,44,5,9
2023/8/18 15:29,4,157.888377,87.20333171,63.32039163,45.54554488,1,4
2023/8/18 15:30,4,174.19955,90.65001,72.03,44,2,2
2023/8/18 15:31,4,173.87956,90.24,74.24999,44,5,10
2023/8/18 15:32,4,157.2877439,87.30254961,63.1188232,45.60247757,1,8
2023/8/18 15:33,4,172.47702,90.24,74.24999,44,2,2
2023/8/18 15:34,4,171.84789,90.24,74.24999,44,2,3
2023/8/18 15:35,4,155.26604,87.09020048,63.6412,45.65452712,1,10
2023/8/18 15:36,4,170.91306,89.520004,74.24999,44,5,4
2023/8/18 15:37,4,170.35306,89.310005,74.24999,44,2,10
2023/8/18 15:38,4,170.20305,89.310005,74.24999,44,3,7
2023/8/18 15:39,4,157.4450876,87.14730852,63.94769231,45.5656886,1,8
2023/8/18 15:40,4,171.15291,89.310005,77.159996,44,1,2
2023/8/18 15:41,4,170.2729,89.310005,77.15,44,3,5
2023/8/18 15:42,4,157.808553,86.8960789,64.13078416,45.57466847,1,4
2023/8/18 15:43,4,170.99292,89.310005,77.15,44,1,8
2023/8/18 15:44,4,171.05385,89.310005,77.15,44,3,10
2023/8/18 15:45,4,159.0533366,86.95411867,63.85529357,45.56337614,5,10
2023/8/18 15:46,4,170.32385,88.880005,77.15,44,3,4
2023/8/18 15:47,4,171.20386,88.94,77.15,44,1,9
2023/8/18 15:48,4,171.05385,88.94,77.15,44,1,1
2023/8/18 15:49,4,158.9702569,86.69215596,64.57352804,45.63049296,1,10
2023/8/18 15:50,4,170.10031,88.94,77.15,44,5,9
2023/8/18 15:51,4,170.7003,89.26,73.850006,44,4,5
2023/8/18 15:52,4,157.1512629,86.62568569,64.86705751,45.66656804,4,6
2023/8/18 15:53,4,170.21776,89.32,73.850006,44,5,6
2023/8/18 15:54,4,171.03299,89.38,73.850006,44,4,7
2023/8/18 15:55,4,157.3442265,86.66176449,64.39548929,45.64274359,1,6
2023/8/18 15:56,4,169.67299,89.38,71.89,44,4,7
2023/8/18 15:57,4,171.37299,89.38,71.89,44,3,1
2023/8/18 15:58,4,157.0011127,86.59039137,64.49078467,45.62883049,5,5
2023/8/18 15:59,4,170.78146,89.38,71.89,44,4,7
2023/8/18 16:00,4,169.35518,89.38,71.89,44,1,2
2023/8/18 16:01,4,170.28519,89.64,71.12,44,5,7
2023/8/18 16:02,4,157.3287452,86.47480769,64.91115412,45.55543808,1,5
2023/8/18 16:03,4,170.59402,89.659996,71.12,44,3,8
2023/8/18 16:04,4,169.54404,89.7,71.12,44,4,5
2023/8/18 16:05,4,157.8354152,86.40442254,65.00326977,45.50983792,2,4
2023/8/18 16:06,4,172.08672,89.7,71.12,44,2,5
2023/8/18 16:07,4,171.54672,89.7,71.12,44,5,9
2023/8/18 16:08,4,160.8221787,86.2663993,65.55180046,45.53443676,2,9
2023/8/18 16:09,4,170.29672,90.36,71.12,44,2,7
2023/8/18 16:10,4,175.54662,90.909996,71.12,44,5,7
2023/8/18 16:11,4,174.38661,90.909996,67.97,44,4,7
2023/8/18 16:12,4,162.5625247,86.21039153,65.59509859,45.43474994,1,8
2023/8/18 16:13,4,174.3795,90.909996,66.08,44,2,8
2023/8/18 16:14,4,174.3795,90.909996,66.08,44,5,4
2023/8/18 16:15,4,162.770597,86.29846092,65.21096165,45.4250886,2,2
2023/8/18 16:16,4,176.36949,92.85,66.08,44,2,1
2023/8/18 16:17,4,179.63449,92.85,66.08,44,4,5
2023/8/18 16:18,4,162.5033032,86.23365371,65.30384629,45.38393019,3,6
2023/8/18 16:19,4,181.12335,94,60.82,44,5,5
2023/8/18 16:20,4,182.2026,94.63,60.82,44,5,5
2023/8/18 16:21,4,161.4733414,86.17529361,65.15725502,45.38199362,4,1
2023/8/18 16:22,4,182.27261,94.63,59.32,44,1,9
2023/8/18 16:23,4,183.46184,94.63,59.32,44,3,4
2023/8/18 16:24,4,183.54184,95.67,59.32,44,2,4
2023/8/18 16:25,4,158.9508993,86.24647031,64.85921504,45.40420655,2,9
2023/8/18 16:26,4,183.23184,95.89,59.32,44,1,6
2023/8/18 16:27,4,183.88185,95.89,59.32,44,4,2
2023/8/18 16:28,4,157.354935,86.31230833,65.13980767,45.3516659,3,4
2023/8/18 16:29,4,182.7527,95.89,59.32,44,3,6
2023/8/18 16:30,4,182.2146,95.89,59.32,44,4,5
2023/8/18 16:31,4,156.6167631,86.32705957,64.72411743,45.37816916,5,2
2023/8/18 16:32,4,182.5446,95.89,58.93,44,4,6
2023/8/18 16:33,4,181.78493,95.89,58.93,44,5,4
2023/8/18 16:34,4,156.6425452,86.20739918,64.97440014,45.34513062,2,10
2023/8/18 16:35,4,182.28493,95.01,58.93,44,3,1
2023/8/18 16:36,4,179.13113,94.46999,58.93,44,4,4
2023/8/18 16:37,4,173.02202,94.46999,58.93,44,4,1
2023/8/18 16:38,4,155.9812344,86.34730635,64.60288446,45.27537671,3,2
2023/8/18 16:39,4,171.18697,94.46999,58.93,44,2,6
2023/8/18 16:40,4,170.66118,93.200005,58.93,44,3,10
2023/8/18 16:41,4,156.1880305,86.31288442,64.63865385,45.27249127,5,1
2023/8/18 16:42,4,169.51108,92.68001,62.920002,44,4,5
2023/8/18 16:43,4,162.41426,92.68001,62.920002,44,2,9
2023/8/18 16:44,4,155.7577245,86.23274443,64.87843159,45.28281273,4,10
2023/8/18 16:45,4,161.99664,92.68001,62.920002,44,3,6
2023/8/18 16:46,4,161.99664,92.68001,65.83,44,4,9
2023/8/18 16:47,4,161.94664,92.68001,65.83,44,4,8
2023/8/18 16:48,4,156.3408019,86.25192283,64.72250075,45.28017421,3,9
2023/8/18 16:49,4,162.2385,92.68001,65.83,44,1,2
2023/8/18 16:50,4,162.41788,91.63,65.83,44,3,4
2023/8/18 16:51,4,155.311468,86.26865327,64.91230813,45.26982677,2,3
2023/8/18 16:52,4,162.34787,91.619995,66.90001,44,2,3
2023/8/18 16:53,4,162.38242,91.63,66.90001,44,2,5
2023/8/18 16:54,4,155.14387,86.25423146,64.8588469,45.24383504,5,7
2023/8/18 16:55,4,162.38242,91.63,66.90001,44,1,10
2023/8/18 16:56,4,161.85101,91.88,66.90001,44,4,5
2023/8/18 16:57,4,162.03104,91.95,66.90001,44,4,10
2023/8/18 16:58,4,153.205243,86.02019571,64.96607929,45.27045743,1,4
2023/8/18 16:59,4,162.03104,92.009995,66.90001,44,5,8
2023/8/18 17:00,4,161.43103,92.009995,66.90001,44,2,6
2023/8/18 17:01,4,153.2198644,86.1769225,64.72865479,45.22679479,1,2
2023/8/18 17:02,4,161.59102,92.009995,66.03,44,2,8
2023/8/18 17:03,4,151.6049827,86.08862627,64.76549082,45.29215082,5,9
2023/8/18 17:04,4,162.46213,92.009995,66.03,44,3,10
2023/8/18 17:05,4,162.46213,92.009995,66.03,44,3,9
2023/8/18 17:06,4,149.5684901,85.87862796,65.40235353,45.34557602,3,6
2023/8/18 17:07,4,167.20914,91.52,66.03,44,3,6
2023/8/18 17:08,4,167.92712,91.38,66.03,44,2,7
2023/8/18 17:09,4,147.6180163,85.83980416,65.61451063,45.3901468,5,1
2023/8/18 17:10,4,172.81108,91.38,66.03,44,2,2
2023/8/18 17:11,4,171.39319,91.38,67.94,44,5,10
2023/8/18 17:12,4,171.47319,90.9,67.94,44,3,10
2023/8/18 17:13,4,146.8514217,85.93117708,65.71764788,45.42483657,5,4
2023/8/18 17:14,4,171.2232,90.729996,67.94,44,2,10
2023/8/18 17:15,4,171.2232,90.729996,67.94,45,3,4
2023/8/18 17:16,4,147.2341771,85.88097978,65.92431412,45.44289102,2,4
2023/8/18 17:17,4,158.15262,90.729996,67.94,45,5,7
2023/8/18 17:18,4,155.41483,90.729996,67.94,45,1,10
2023/8/18 17:19,4,145.7694101,85.76705876,66.17862776,45.44798365,2,4
2023/8/18 17:20,4,155.41483,90.729996,67.94,45,3,10
2023/8/18 17:21,4,155.99483,90.729996,66.83999,45,5,1
2023/8/18 17:22,4,154.76855,90.82,66.83999,45,3,7
2023/8/18 17:23,4,145.4310312,85.72627339,66.12686267,45.47488822,5,5
2023/8/18 17:24,4,152.87282,90.88,66.83999,45,1,2
2023/8/18 17:25,4,151.04012,90.950005,66.83999,45,3,10
2023/8/18 17:26,4,147.0762078,85.62431316,66.10686331,45.48278455,1,10
2023/8/18 17:27,4,149.7615,90.950005,66.83999,45,4,4
2023/8/18 17:28,4,145.90204,90.950005,66.83999,45,2,8
2023/8/18 17:29,4,146.9258551,85.38411722,66.53549059,45.50520786,3,1
2023/8/18 17:30,4,145.49203,91.479996,66.83999,45,1,5
2023/8/18 17:31,4,144.75021,91.84,65.98,45,2,9
2023/8/18 17:32,4,148.0521722,85.28137216,66.78470627,45.47415524,5,10
2023/8/18 17:33,4,144.83022,91.84,65.98,45,3,1
2023/8/18 17:34,4,145.59787,91.84,65.98,45,3,4
2023/8/18 17:35,4,146.04787,91.84,65.98,45,2,6
2023/8/18 17:36,4,150.5052323,85.31901892,66.72882373,45.45855824,2,7
2023/8/18 17:37,4,147.73285,91.84,65.98,45,3,1
2023/8/18 17:38,4,147.95285,91.84,65.98,45,5,4
2023/8/18 17:39,4,150.4502012,85.29961506,66.8032694,45.40546712,2,7
2023/8/18 17:40,4,148.54285,94.46999,60.78,45,4,10
2023/8/18 17:41,4,155.32507,94.77999,59.989998,45,3,7
2023/8/18 17:42,4,147.7483504,85.01372324,66.89921592,45.45564294,2,6
2023/8/18 17:43,4,155.62509,94.77999,59.989998,45,1,5
2023/8/18 17:44,4,161.37473,94.77999,59.989998,45,4,9
2023/8/18 17:45,4,162.47874,94.54,59.989998,44,1,2
2023/8/18 17:46,4,146.4648832,84.95137376,67.29470637,45.47083643,3,7
2023/8/18 17:47,4,179.07571,94.37001,59.989998,44,5,5
2023/8/18 17:48,4,182.50862,94.37001,59.989998,44,1,5
2023/8/18 17:49,4,145.5230399,84.81999982,67.52627476,45.52241825,5,8
2023/8/18 17:50,4,184.0021,94.37001,59.989998,44,4,6
2023/8/18 17:51,4,184.30211,94.37001,61.820007,44,3,10
2023/8/18 17:52,4,143.1105368,84.57764716,67.77254935,45.58428065,2,6
2023/8/18 17:53,4,184.32211,94.37001,61.820007,44,1,9
2023/8/18 17:54,4,185.17027,94.37001,61.820007,44,1,4
2023/8/18 17:55,4,185.25475,93.03,61.820007,44,5,7
2023/8/18 17:56,4,140.4609251,84.18360034,68.20559908,45.66255036,5,6
2023/8/18 17:57,4,185.10704,92.87,61.820007,44,1,6
2023/8/18 17:58,4,185.60704,92.87,61.820007,44,2,10
2023/8/18 17:59,4,141.608113,84.2335299,68.650783,45.67277973,2,7
2023/8/18 18:00,4,184.39792,92.87,61.820007,44,4,9
2023/8/18 18:01,4,182.64697,92.07,63.95,44,5,10
2023/8/18 18:02,4,140.0864353,83.95901969,68.77627306,45.67438855,2,6
2023/8/18 18:03,4,175.07314,91.950005,63.95,44,1,1
2023/8/18 18:04,4,167.75284,91.840004,63.95,44,3,4
2023/8/18 18:05,4,167.75284,91.840004,63.95,44,4,9
2023/8/18 18:06,4,138.5710881,83.48020048,69.39879912,45.73412208,3,3
2023/8/18 18:07,4,167.75285,91.840004,63.95,44,5,10
2023/8/18 18:08,4,166.93285,91.840004,63.95,44,4,8
2023/8/18 18:09,4,138.961121,83.28059952,70.14679902,45.80376842,1,7
2023/8/18 18:10,4,163.44142,91.840004,63.95,44,4,6
2023/8/18 18:11,4,162.91866,90.77,64.990005,44,3,1
2023/8/18 18:12,4,137.9842229,83.3409799,70.01333269,45.79706894,4,9
2023/8/18 18:13,4,162.55865,90.49,64.990005,44,5,9
2023/8/18 18:14,4,157.64302,90.49,65.9,44,2,3
2023/8/18 18:15,4,135.9710165,83.00759974,70.40600014,45.83665608,1,4
2023/8/18 18:16,4,155.81526,90.49,65.9,46,4,10
2023/8/18 18:17,4,155.11525,90.01999,65.9,46,2,8
2023/8/18 18:18,4,132.77142,90.01999,65.9,46,5,1
2023/8/18 18:19,4,136.1930652,82.75939998,70.95220012,45.83078848,2,10
2023/8/18 18:20,4,130.61467,89.85,65.9,46,2,7
2023/8/18 18:21,4,124.66946,89.85,67.14,46,5,10
2023/8/18 18:22,4,137.2384306,82.64959996,71.25579972,45.86123974,4,3
2023/8/18 18:23,4,125.44708,89.66,67.14,46,1,7
2023/8/18 18:24,4,124.22709,89.66,67.14,46,2,6
2023/8/18 18:25,4,134.52247,82.50020422,71.52204071,45.89885392,3,7
2023/8/18 18:26,4,124.22709,89.66,67.14,46,5,6
2023/8/18 18:27,4,126.975945,89.399994,67.14,46,1,5
2023/8/18 18:28,4,128.86626,89.399994,67.14,46,2,9
2023/8/18 18:29,4,135.5586234,82.59549069,71.80647055,45.8323349,5,5
2023/8/18 18:30,4,134.75096,89.28001,67.14,46,4,1
2023/8/18 18:31,4,132.4794302,82.33539948,71.94519968,45.8867712,5,9
2023/8/18 18:32,4,142.59026,89.28001,71.11,46,5,4
2023/8/18 18:33,4,89.01953,89,71.11,46,2,7
2023/8/18 18:34,4,133.2017061,82.25819842,72.2949999,45.86453082,5,6
2023/8/18 18:35,4,110.40863,88.909996,71.11,46,2,3
2023/8/18 18:36,4,122.693634,88.909996,71.11,46,4,3
2023/8/18 18:37,4,134.7225955,82.2529409,72.61156857,45.84856859,3,3
2023/8/18 18:38,4,135.91621,88.909996,71.11,46,2,1
2023/8/18 18:39,4,141.05186,88.909996,71.11,46,1,6
2023/8/18 18:40,4,134.8833068,82.30365479,72.72019296,45.83361502,4,1
2023/8/18 18:41,4,149.62416,88.909996,71.11,46,1,6
2023/8/18 18:42,4,163.10728,88.909996,72.92,46,2,1
2023/8/18 18:43,4,171.43129,87.89,72.92,46,1,2
2023/8/18 18:44,4,131.0659423,82.03659848,72.78720016,45.88345342,2,3
2023/8/18 18:45,4,184.17923,87.79,72.92,46,1,10
2023/8/18 18:46,4,184.10924,87.79,72.92,45,2,9
2023/8/18 18:47,4,131.9123302,82.03764596,73.07058833,45.86275825,5,4
2023/8/18 18:48,4,192.65573,87.79,72.92,45,4,8
2023/8/18 18:49,4,192.65573,87.38,72.92,45,5,4
2023/8/18 18:50,4,131.0592941,81.97960643,73.11764696,45.86630982,1,9
2023/8/18 18:51,4,189.01746,87.31,72.92,45,4,10
2023/8/18 18:52,4,186.73343,87.229996,74.62001,45,1,8
2023/8/18 18:53,4,186.36343,87.229996,74.62001,45,4,7
2023/8/18 18:54,4,128.4213298,81.96039271,72.95529402,45.90903022,5,1
2023/8/18 18:55,4,186.36343,87.229996,74.62001,45,3,4
2023/8/18 18:56,4,184.25294,87.229996,74.62001,45,3,10
2023/8/18 18:57,4,128.9431037,81.90372692,72.96647086,45.90903022,2,7
2023/8/18 18:58,4,182.3503,86.63,76.13,45,3,9
2023/8/18 18:59,4,176.21967,86.55,76.13,45,1,4
2023/8/18 19:00,4,128.6468249,81.76200026,73.24520024,45.93803068,3,9
2023/8/18 19:01,4,156.64793,86.46,76.13,45,3,6
2023/8/18 19:02,4,168.668,86.37,76.45999,45,3,7
2023/8/18 19:03,4,130.1634089,81.8394241,73.37384546,45.86526073,4,5
2023/8/18 19:04,4,189.5112,86.37,76.45999,45,4,4
2023/8/18 19:05,4,196.90326,86.03,76.45999,45,1,10
2023/8/18 19:06,4,129.8344509,81.76134581,73.8442306,45.84177562,3,5
2023/8/18 19:07,4,156.49503,85.939995,76.45999,45,1,9
2023/8/18 19:08,4,149.65839,85.86,76.45999,45,1,9
2023/8/18 19:09,4,127.5369319,81.64750023,74.09346087,45.84585123,3,10
2023/8/18 19:10,4,145.72423,85.86,76.45999,45,2,10
2023/8/18 19:11,4,140.77776,85.86,77.369995,45,1,9
2023/8/18 19:12,4,128.2666522,81.5815391,74.21423019,45.84585123,1,8
2023/8/18 19:13,4,140.54074,85.86,77.369995,45,4,3
2023/8/18 19:14,4,140.47073,85.86,77.369995,45,5,10
2023/8/18 19:15,4,127.210103,81.49461546,74.46172992,45.86105127,1,3
2023/8/18 19:16,4,139.47841,85.22,77.369995,45,1,10
2023/8/18 19:17,4,143.26671,85.11,77.369995,44,2,7
2023/8/18 19:18,4,128.3684594,81.42480794,74.67846012,45.8254695,3,2
2023/8/18 19:19,4,145.1544,85.11,77.369995,44,4,7
2023/8/18 19:20,4,144.78966,85.11,77.369995,44,5,4
2023/8/18 19:21,4,128.5710784,81.36519198,74.75192188,45.76052883,1,3
2023/8/18 19:22,4,141.97212,84.909996,80.560005,44,5,8
2023/8/18 19:23,4,141.69666,84.86,80.560005,44,3,1
2023/8/18 19:24,4,145.27626,84.770004,81.350006,44,1,10
2023/8/18 19:25,4,126.7364182,81.27769163,74.967691,45.77790496,2,9
2023/8/18 19:26,4,147.55397,84.770004,81.350006,44,1,3
2023/8/18 19:27,4,142.67007,84.770004,81.350006,44,2,2
2023/8/18 19:28,4,126.1638469,81.189615,75.0021144,45.78275402,4,10
2023/8/18 19:29,4,142.67007,84.770004,81.350006,44,5,7
2023/8/18 19:30,4,142.00252,84.770004,81.350006,44,1,2
2023/8/18 19:31,4,124.6003505,81.125191,75.13615292,45.67867852,4,4
2023/8/18 19:32,4,140.08723,84.42,82.67,44,5,7
2023/8/18 19:33,4,141.70819,84.36,82.67,44,1,6
2023/8/18 19:34,4,140.69315,84.34001,82.67,44,5,5
2023/8/18 19:35,4,126.1821043,81.02980833,75.3728846,45.48900208,4,10
2023/8/18 19:36,4,140.69315,84.34001,82.67,44,5,7
2023/8/18 19:37,4,142.06314,84.31,82.67,44,5,2
2023/8/18 19:38,4,127.8691542,80.97730775,75.59384585,44.8247945,2,4
2023/8/18 19:39,4,138.71231,84.28999,82.67,44,4,3
2023/8/18 19:40,4,137.36842,84.27999,82.67,44,4,10
2023/8/18 19:41,4,134.5335138,80.94000146,75.65673052,44.28781781,2,6
2023/8/18 19:42,4,141.52014,84.27999,83.39,44,5,4
2023/8/18 19:43,4,135.29655,84.27999,83.39,44,4,6
2023/8/18 19:44,4,136.3427,84.27999,83.39,44,2,4
2023/8/18 19:45,4,145.1821223,80.87577017,75.78807617,44.05769231,5,7
2023/8/18 19:46,4,139.2058,84.27999,83.39,44,3,7
2023/8/18 19:47,4,141.2468,84,83.39,44,5,9
2023/8/18 19:48,4,143.5322929,80.82211569,75.98249994,44.05769231,2,6
2023/8/18 19:49,4,140.34178,83.899994,83.39,44,3,3
2023/8/18 19:50,4,137.82837,83.899994,83.39,44,5,4
2023/8/18 19:51,4,142.0939004,80.78000025,76.06461535,44.05769231,3,5
2023/8/18 19:52,4,132.80318,83.899994,81.89001,44,1,9
2023/8/18 19:53,4,128.33397,83.899994,81.89001,44,1,4
2023/8/18 19:54,4,128.33397,83.67,81.89001,44,4,10
2023/8/18 19:55,4,134.9134272,80.73076938,76.18673135,44.05769231,2,5
2023/8/18 19:56,4,128.33397,83.63,81.89001,44,3,6
2023/8/18 19:57,4,33.01,83.63,81.89001,44,1,6
2023/8/18 19:58,4,46.91049669,80.69346221,76.33019317,44.05769231,3,2
2023/8/18 19:59,4,23.45524835,83.63,81.89001,44,5,5
2023/8/18 20:00,4,23.45524835,83.63,81.89001,44,5,8
2023/8/18 20:01,4,26.64118248,80.65173165,76.43557813,44.05769231,4,9
2023/8/18 20:02,4,26.64118248,83.63,80.47001,44,5,9
2023/8/18 20:03,4,26.64118248,83.63,80.47001,44,3,1
2023/8/18 20:04,4,30.77300058,80.61711617,76.45673123,44.05769231,3,8
2023/8/18 20:05,4,30.77300058,83.439995,80.47001,44,1,7
2023/8/18 20:06,4,30.77300058,83.44,80.47001,44,3,3
2023/8/18 20:07,4,30.77300058,83.44,80.47001,44,2,3
2023/8/18 20:08,4,53.39638612,80.57634573,76.93807721,44.05769231,5,9
2023/8/18 20:09,4,53.39638612,83.44,80.47001,44,1,5
2023/8/18 20:10,4,53.39638612,83.47001,80.47001,44,5,2
2023/8/18 20:11,4,63.4012809,80.54172954,77.13557735,44.05769231,4,5
2023/8/18 20:12,4,63.4012809,83.48,80.53999,44,3,1
2023/8/18 20:13,4,63.4012809,83.48,80.53999,44,1,6
2023/8/18 20:14,4,68.53376292,80.50865333,77.41519263,44.05769231,3,7
2023/8/18 20:15,4,68.53376292,83.48,80.53999,44,3,7
2023/8/18 20:16,4,68.53376292,83.48,80.53999,44,5,5
2023/8/18 20:17,4,68.53376292,83.48,80.53999,44,4,2
2023/8/18 20:18,4,68.08331225,80.44596154,77.63653815,44.05769231,5,5
2023/8/18 20:19,4,68.08331225,83.48,80.53999,44,2,1
2023/8/18 20:20,4,68.08331225,83.509995,80.53999,44,3,2
2023/8/18 20:21,4,65.82051535,80.41365323,77.70423004,44.05769231,2,10
2023/8/18 20:22,4,65.82051535,83.49999,79.92999,44,1,9
2023/8/18 20:23,4,65.82051535,83.49999,79.92999,44,3,6
2023/8/18 20:24,4,65.79255853,80.38634581,77.73326906,44.05769231,2,10
2023/8/18 20:25,4,65.79255853,83.49999,79.92999,44,4,1
2023/8/18 20:26,4,65.79255853,83.44,79.92999,44,2,2
2023/8/18 20:27,4,65.79255853,83.44,79.92999,44,3,6
2023/8/18 20:28,4,64.85952051,80.25980376,78.05529465,44.05882353,5,6
2023/8/18 20:29,4,64.85952051,83.44001,79.92999,44,1,5
2023/8/18 20:30,4,64.85952051,83.44001,79.92999,44,3,9
2023/8/18 20:31,4,64.6033029,80.4049019,77.43078463,44.05882353,3,5
2023/8/18 20:32,4,64.6033029,83.520004,79.869995,44,3,3
2023/8/18 20:33,4,63.73383342,80.17059964,78.18940138,44.06,1,6
2023/8/18 20:34,4,63.73383342,83.520004,79.869995,44,1,9
2023/8/18 20:35,4,63.73383342,83.520004,79.869995,44,4,4
2023/8/18 20:36,4,65.56040302,80.1512007,78.31000106,44.06,5,1
2023/8/18 20:37,4,65.56040302,83.56,79.869995,44,5,2
2023/8/18 20:38,4,65.56040302,83.56,79.869995,44,3,1
2023/8/18 20:39,4,65.56040302,83.55999,79.869995,44,2,7
2023/8/18 20:40,4,68.54977869,80.23711533,78.38307813,44.05769231,5,4
2023/8/18 20:41,4,68.54977869,83.55999,79.869995,44,5,7
2023/8/18 20:42,4,34.27488935,83.49999,80.05,44,5,7
2023/8/18 20:43,4,69.3720725,79.96759952,78.55480034,44.06,2,2
2023/8/18 20:44,4,34.68603625,83.479996,80.05,44,5,1
2023/8/18 20:45,4,39.895798,83.479996,80.05,44,2,1
2023/8/18 20:46,4,79.13026,83.479996,80.05,44,4,5
2023/8/18 20:47,4,70.40000484,80.00745129,78.63921584,44.05882353,4,7
2023/8/18 20:48,4,95.16518,83.479996,80.05,44,3,4
2023/8/18 20:49,4,120.30437,83.479996,80.05,44,2,3
2023/8/18 20:50,4,70.26952762,79.93779928,78.91160044,44.06,3,1
2023/8/18 20:51,4,112.989365,83.479996,80.41,44,3,9
2023/8/18 20:52,4,98.94487,83.21001,80.41,44,1,1
2023/8/18 20:53,4,71.3354583,79.91199934,79.05760074,44.06,5,1
2023/8/18 20:54,4,78.950195,83.21001,80.41,44,5,7
2023/8/18 20:55,4,69.01231,83.21001,80.41,44,2,10
2023/8/18 20:56,4,70.24985364,79.83019874,79.35640122,44.06,2,2
2023/8/18 20:57,4,56.144974,83.21001,80.41,44,5,8
2023/8/18 20:58,4,63.47353,83.21001,80.41,44,3,1
2023/8/18 20:59,4,74.99571,83.09999,80.41,44,3,5
2023/8/18 21:00,4,68.48590416,79.90039096,79.55725559,44.05882353,1,6
2023/8/18 21:01,4,76.95685,83.09999,81.4,44,3,3
2023/8/18 21:02,4,78.26803,83.09999,81.4,44,3,5
2023/8/18 21:03,4,70.0537861,79.94240092,79.54500096,44.06,5,5
2023/8/18 21:04,4,72.59918,83.09999,81.4,44,2,10
2023/8/18 21:05,4,77.65027,83.09999,81.4,44,3,8
2023/8/18 21:06,4,71.26877734,79.76319998,79.76360022,44.06,3,8
2023/8/18 21:07,4,79.81513,83.09999,81.4,44,1,1
2023/8/18 21:08,4,80.63678,83.09999,81.4,44,3,2
2023/8/18 21:09,4,71.85096694,79.63816314,80.00775561,44.06122449,3,7
2023/8/18 21:10,4,80.86132,83.079994,81.4,44,1,6
2023/8/18 21:11,4,75.03047,83.079994,81.520004,44,3,3
2023/8/18 21:12,4,69.82432382,79.62347118,80.01061237,44.06122449,2,4
2023/8/18 21:13,4,74.99047,83.079994,81.520004,44,2,10
2023/8/18 21:14,4,75.79715,83.01999,81.520004,44,3,9
2023/8/18 21:15,4,71.228516,82.99999,81.520004,44,2,4
2023/8/18 21:16,4,71.96426832,79.71820056,79.72800052,44.06,2,1
2023/8/18 21:17,4,74.57289,82.979996,81.520004,44,4,3
2023/8/18 21:18,4,73.660675,82.979996,81.520004,44,2,6
2023/8/18 21:19,4,71.11095908,79.62265347,79.82489831,44.06122449,4,10
2023/8/18 21:20,4,74.14399,82.979996,81.520004,44,5,1
2023/8/18 21:21,4,76.06999,82.979996,82.85,44,3,8
2023/8/18 21:22,4,63.28539992,79.71959924,79.7524005,44.06,5,2
2023/8/18 21:23,4,74.41502,82.979996,82.85,44,4,10
2023/8/18 21:24,4,74.43503,82.979996,82.85,44,5,10
2023/8/18 21:25,4,64.67950157,79.78745057,79.41803812,44,4,2
2023/8/18 21:26,4,73.73502,82.759995,82.85,44,4,9
2023/8/18 21:27,4,72.344025,82.74,82.85,44,4,6
2023/8/18 21:28,4,72.46403,82.74,82.85,44,1,3
2023/8/18 21:29,4,62.17547996,79.6893998,79.61039854,44,3,6
2023/8/18 21:30,4,71.86647,82.74,82.85,44,1,5
2023/8/18 21:31,4,68.715805,82.65001,83.36,44,3,7
2023/8/18 21:32,4,62.39768456,79.6750006,79.55099856,44,1,9
2023/8/18 21:33,4,68.94581,82.630005,83.36,44,1,4
2023/8/18 21:34,4,70.39895,82.61,83.36,44,5,4
2023/8/18 21:35,4,61.44919516,79.7046005,79.30760004,44,4,4
2023/8/18 21:36,4,68.99846,82.61,83.36,44,3,4
2023/8/18 21:37,4,72.820854,82.61,83.36,44,2,10
2023/8/18 21:38,4,60.83744276,79.5755091,79.41714365,44,4,1
2023/8/18 21:39,4,70.99916,82.61,83.36,44,1,1
2023/8/18 21:40,4,69.42496,82.61,83.36,44,5,8
2023/8/18 21:41,4,74.06035,82.5,84.33,44,5,8
2023/8/18 21:42,4,61.10506561,79.56734722,79.73510261,44,4,9
2023/8/18 21:43,4,70.50266,82.5,84.33,44,2,8
2023/8/18 21:44,4,73.3247,82.5,84.33,44,3,4
2023/8/18 21:45,4,61.56754734,79.62799908,79.5838002,44,3,10
2023/8/18 21:46,4,69.17588,82.5,84.33,44,5,9
2023/8/18 21:47,4,72.54548,82.5,84.33,44,3,9
2023/8/18 21:48,4,62.34717116,79.6352,79.53600046,44,5,10
2023/8/18 21:49,4,71.08268,82.490005,84.33,44,3,5
2023/8/18 21:50,4,69.133446,82.490005,84.33,44,3,8
2023/8/18 21:51,4,75.51872,82.490005,85.20999,44,4,7
2023/8/18 21:52,4,63.69311064,79.6546002,79.64620102,44,3,8
2023/8/18 21:53,4,72.17813,82.490005,85.20999,44,2,5
2023/8/18 21:54,4,76.5578,82.490005,85.20999,44,5,1
2023/8/18 21:55,4,63.72247386,79.49183655,79.87857222,44.03061224,4,5
2023/8/18 21:56,4,72.74015,82.490005,85.20999,44,2,9
2023/8/18 21:57,4,72.86015,82.33,85.20999,44,2,5
2023/8/18 21:58,4,56.92706969,79.60795933,79.92408192,44,4,9
2023/8/18 21:59,4,75.1792,82.32,85.20999,44,3,6
2023/8/18 22:00,4,72.21449,82.32,85.20999,44,5,3
2023/8/18 22:01,4,49.434314,79.48187425,79.97312513,44,5,7
2023/8/18 22:02,4,75.721436,82.32,85.729996,44,1,10
2023/8/18 22:03,4,71.29944,82.299995,85.729996,44,3,6
2023/8/18 22:04,4,71.99442,82.299995,85.729996,44,3,9
2023/8/18 22:05,4,44.69462351,79.35914864,80.53425555,44,4,10
2023/8/18 22:06,4,73.84387,82.299995,85.729996,44,4,8
2023/8/18 22:07,4,72.151024,82.299995,85.729996,44,1,7
2023/8/18 22:08,4,44.44341541,79.41673308,80.37591878,44,1,5
2023/8/18 22:09,4,75.99067,82.299995,85.729996,44,2,6
2023/8/18 22:10,4,72.880264,82.299995,85.729996,44,5,7
2023/8/18 22:11,4,45.0028925,79.31312346,80.47416744,44,2,5
2023/8/18 22:12,4,73.78657,82.299995,85.340004,44,2,10
2023/8/18 22:13,4,76.16223,82.369995,85.340004,44,5,4
2023/8/18 22:14,4,72.54078,82.39,85.340004,44,4,4
2023/8/18 22:15,4,42.48458044,79.53479924,80.4939997,44,5,1
2023/8/18 22:16,4,75.37837,82.39,85.340004,44,1,7
2023/8/18 22:17,4,71.44566,82.39,85.340004,44,4,5
2023/8/18 22:18,4,43.8450241,79.29312465,80.86916625,44,1,6
2023/8/18 22:19,4,74.60466,82.48,85.340004,44,2,9
2023/8/18 22:20,4,74.8027,82.48,85.340004,44,2,4
2023/8/18 22:21,4,46.99508921,79.26208294,80.6431244,44,3,6
2023/8/18 22:22,4,71.971695,82.479996,86.31999,44,1,5
2023/8/18 22:23,4,71.8917,82.479996,86.39,44,2,2
2023/8/18 22:24,4,49.06938548,79.25562508,80.52645848,44,4,2
2023/8/18 22:25,4,69.575096,82.479996,86.39,44,1,2
2023/8/18 22:26,4,71.1546,82.479996,86.39,44,3,1
2023/8/18 22:27,4,52.28970182,79.37857124,80.3702039,44.02040816,1,5
2023/8/18 22:28,4,70.76499,82.479996,86.39,44,2,1
2023/8/18 22:29,4,69.14429,82.170006,86.39,44,2,1
2023/8/18 22:30,4,71.76368,82.170006,86.39,44,4,1
2023/8/18 22:31,4,50.32090783,79.21770756,80.586458,44,5,9
2023/8/18 22:32,4,68.80005,82.130005,86.53,44,4,7
2023/8/18 22:33,4,70.644455,82.130005,86.53,44,1,3
2023/8/18 22:34,4,49.84670943,79.13255236,80.79425498,44,1,7
2023/8/18 22:35,4,68.85132,82.130005,86.53,44,5,7
2023/8/18 22:36,4,69.60132,81.869995,86.53,44,3,1
2023/8/18 22:37,4,49.2479941,79.28550943,80.59448965,44,5,7
2023/8/18 22:38,4,20.16,81.829994,86.53,44,3,6
2023/8/18 22:39,4,14.32,81.829994,86.53,44,2,7
2023/8/18 22:40,4,14.32,81.829994,86.53,44,3,8
2023/8/18 22:41,4,49.48831786,79.29489741,80.36285608,44,4,3
2023/8/18 22:42,4,24.74415893,81.829994,87.24,44,2,1
2023/8/18 22:43,4,20.01038,81.829994,87.24,44,3,6
2023/8/18 22:44,4,48.59046696,79.15437402,80.47749958,44,3,8
2023/8/18 22:45,4,39.65078,81.829994,87.24,44,3,8
2023/8/18 22:46,4,73.08541,81.46,87.24,44,4,1
2023/8/18 22:47,4,48.68734838,79.13729033,80.51208294,44,2,10
2023/8/18 22:48,4,92.534386,81.45,87.24,44,3,4
2023/8/18 22:49,4,102.5789,81.45,87.24,44,1,2
2023/8/18 22:50,4,48.21305398,79.21061247,80.64877563,44,3,7
2023/8/18 22:51,4,93.562256,81.45,87.24,44,5,4
2023/8/18 22:52,4,83.99223,81.40001,88.600006,44,5,10
2023/8/18 22:53,4,63.698975,81.39,88.600006,44,5,8
2023/8/18 22:54,4,45.2453135,79.02914862,80.89510653,44,4,7
2023/8/18 22:55,4,58.1351,81.39,88.600006,44,2,5
2023/8/18 22:56,4,70.4734,81.39,88.600006,44,3,2
2023/8/18 22:57,4,44.35431762,78.99829772,80.95085153,44,4,4
2023/8/18 22:58,4,68.94662,81.39,88.600006,44,3,7
2023/8/18 22:59,4,79.17251,81.39,88.600006,44,2,7
2023/8/18 23:00,4,43.91935516,79.1071428,81.01816329,44,1,3
2023/8/18 23:01,4,69.57318,81.36,88.600006,44,5,9
2023/8/18 23:02,4,72.16375,81.38,88.3,44,5,1
2023/8/18 23:03,4,69.5839,81.38,88.3,44,3,5
2023/8/18 23:04,4,44.98522176,79.09836747,80.92387735,44,1,7
2023/8/18 23:05,4,69.07846,81.38,88.3,44,4,3
2023/8/18 23:06,4,71.07053,81.38,88.3,44,1,5
2023/8/18 23:07,4,45.2667684,79.21200056,80.83599928,44,3,10
2023/8/18 23:08,4,70.64053,81.380005,88.3,44,3,7
2023/8/18 23:09,4,69.80662,81.380005,88.3,44,4,7
2023/8/18 23:10,4,43.00989202,79.09428643,80.98387629,44,1,6
2023/8/18 23:11,4,67.51115,81.380005,88.61,44,4,9
2023/8/18 23:12,4,67.142525,81.380005,88.61,44,2,2
2023/8/18 23:13,4,41.88655142,79.16740162,80.9625988,44,2,6
2023/8/18 23:14,4,67.142525,81.380005,88.61,44,1,6
2023/8/18 23:15,4,67.142525,81.380005,88.61,44,5,8
2023/8/18 23:16,4,41.64416026,79.15700134,80.98139926,44.04,2,6
2023/8/18 23:17,4,67.142525,81.380005,88.61,44,1,9
2023/8/18 23:18,4,67.142525,81.03999,88.61,44,3,1
2023/8/18 23:19,4,40.0688449,79.00285747,81.135307,44.04081633,3,5
2023/8/18 23:20,4,67.01253,80.99999,88.61,44,3,3
2023/8/18 23:21,4,66.91253,80.99999,89.42,44,3,1
2023/8/18 23:22,4,66.17617,80.99999,89.42,44,5,6
2023/8/18 23:23,4,40.75857578,79.19411671,80.83862822,44,2,9
2023/8/18 23:24,4,66.68617,80.89001,89.42,44,2,8
2023/8/18 23:25,4,66.07617,80.880005,89.42,44,4,1
2023/8/18 23:26,4,38.59903084,79.0631995,80.95560186,44,4,9
2023/8/18 23:27,4,66.07617,80.87001,89.42,44,2,8
2023/8/18 23:28,4,66.18617,80.87001,89.42,44,1,6
2023/8/18 23:29,4,38.2973248,78.91306137,81.07142965,44,2,10
2023/8/18 23:30,4,66.366165,80.87001,89.42,44,1,8
2023/8/18 23:31,4,66.486176,80.87001,89.12,44,4,10
2023/8/18 23:32,4,67.389565,80.87001,89.12,44,1,5
2023/8/18 23:33,4,39.59187031,79.10941122,80.79333322,44.0496732,3,8
2023/8/18 23:34,4,67.12956,80.799995,89.12,44,2,5
2023/8/18 23:35,4,67.12956,80.799995,89.12,44,4,6
2023/8/18 23:36,4,38.467283,78.98360024,80.92819952,44.05066666,1,2
2023/8/18 23:37,4,67.12956,80.77999,89.12,44,3,9
2023/8/18 23:38,4,67.83956,80.77999,89.12,44,4,6
2023/8/18 23:39,4,37.28937344,78.95440022,80.9525997,44.05066666,1,1
2023/8/18 23:40,4,67.179565,80.74999,89.12,44,4,2
2023/8/18 23:41,4,66.293,80.74,88.98,44,5,9
2023/8/18 23:42,4,34.62950916,78.80775524,81.01040771,44.05170067,1,6
2023/8/18 23:43,4,63.40095,80.74,88.98,44,3,9
2023/8/18 23:44,4,63.40095,80.74,88.98,44,3,6
2023/8/18 23:45,4,63.40095,80.74,88.98,44,1,2
2023/8/18 23:46,4,34.6372729,79.00313694,80.90627459,44.0496732,1,4
2023/8/18 23:47,4,62.842857,80.74,88.98,44,4,3
2023/8/18 23:48,4,61.88463,80.61,88.98,44,4,1
2023/8/18 23:49,4,32.84786578,78.87899988,81.09220004,44.05066666,5,7
2023/8/18 23:50,4,61.774628,80.590004,88.98,44,3,10
2023/8/18 23:51,4,62.024628,80.56999,89.939995,44,2,6
2023/8/18 23:52,4,32.82109502,78.85719954,81.09319988,44.05066666,3,8
2023/8/18 23:53,4,61.80463,80.56999,89.939995,44,4,7
2023/8/18 23:54,4,62.941868,80.56999,89.939995,44,3,3
2023/8/18 23:55,4,67.36857,80.5,89.939995,44,3,8
2023/8/18 23:56,4,33.55306096,78.85180128,81.39819976,44.05066666,3,9
2023/8/18 23:57,4,68.03196,80.47,89.939995,44,4,1
2023/8/18 23:58,4,68.03196,80.47,89.939995,44,4,3
2023/8/18 23:59,4,31.65576325,78.91607843,81.280588,44.0496732,5,5
