data_time,target,cov_1,cov_2
2023/8/18 0:00,1,0.1,10
2023/8/18 0:01,2,0.2,20
2023/8/18 0:02,3,0.3,30
2023/8/18 0:03,4,0.4,40
2023/8/18 0:04,5,0.5,50
2023/8/18 0:05,6,0.6,60
2023/8/18 0:06,7,0.7,70
2023/8/18 0:07,8,0.8,80
2023/8/18 0:08,9,0.9,90
2023/8/18 0:09,10,1,100
2023/8/18 0:10,11,1.1,110
2023/8/18 0:11,12,1.2,120
2023/8/18 0:12,13,1.3,130
2023/8/18 0:13,14,1.4,140
2023/8/18 0:14,15,1.5,150
2023/8/18 0:15,16,1.6,160
2023/8/18 0:16,17,1.7,170
2023/8/18 0:17,18,1.8,180
2023/8/18 0:18,19,1.9,190
2023/8/18 0:19,20,2,200
2023/8/18 0:20,21,2.1,210
2023/8/18 0:21,22,2.2,220
2023/8/18 0:22,23,2.3,230
2023/8/18 0:23,24,2.4,240
2023/8/18 0:24,25,2.5,250
2023/8/18 0:25,26,2.6,260
2023/8/18 0:26,27,2.7,270
2023/8/18 0:27,28,2.8,280
2023/8/18 0:28,29,2.9,290
2023/8/18 0:29,30,3,300
2023/8/18 0:30,31,3.1,310
2023/8/18 0:31,32,3.2,320
2023/8/18 0:32,33,3.3,330
2023/8/18 0:33,34,3.4,340
2023/8/18 0:34,35,3.5,350
2023/8/18 0:35,36,3.6,360
2023/8/18 0:36,37,3.7,370
2023/8/18 0:37,38,3.8,380
2023/8/18 0:38,39,3.9,390
2023/8/18 0:39,40,4,400
2023/8/18 0:40,41,4.1,410
2023/8/18 0:41,42,4.2,420
2023/8/18 0:42,43,4.3,430
2023/8/18 0:43,44,4.4,440
2023/8/18 0:44,45,4.5,450
2023/8/18 0:45,46,4.6,460
2023/8/18 0:46,47,4.7,470
2023/8/18 0:47,48,4.8,480
2023/8/18 0:48,49,4.9,490
2023/8/18 0:49,50,5,500
2023/8/18 0:50,51,5.1,510
2023/8/18 0:51,52,5.2,520
2023/8/18 0:52,53,5.3,530
2023/8/18 0:53,54,5.4,540
2023/8/18 0:54,55,5.5,550
2023/8/18 0:55,56,5.6,560
2023/8/18 0:56,57,5.7,570
2023/8/18 0:57,58,5.8,580
2023/8/18 0:58,59,5.9,590
2023/8/18 0:59,60,6,600
2023/8/18 1:00,61,6.1,610
2023/8/18 1:01,62,6.2,620
2023/8/18 1:02,63,6.3,630
2023/8/18 1:03,64,6.4,640
2023/8/18 1:04,65,6.5,650
2023/8/18 1:05,66,6.6,660
2023/8/18 1:06,67,6.7,670
2023/8/18 1:07,68,6.8,680
2023/8/18 1:08,69,6.9,690
2023/8/18 1:09,70,7,700
2023/8/18 1:10,71,7.1,710
2023/8/18 1:11,72,7.2,720
2023/8/18 1:12,73,7.3,730
2023/8/18 1:13,74,7.4,740
2023/8/18 1:14,75,7.5,750
2023/8/18 1:15,76,7.6,760
2023/8/18 1:16,77,7.7,770
2023/8/18 1:17,78,7.8,780
2023/8/18 1:18,79,7.9,790
2023/8/18 1:19,80,8,800
2023/8/18 1:20,81,8.1,810
2023/8/18 1:21,82,8.2,820
2023/8/18 1:22,83,8.3,830
2023/8/18 1:23,84,8.4,840
2023/8/18 1:24,85,8.5,850
2023/8/18 1:25,86,8.6,860
2023/8/18 1:26,87,8.7,870
2023/8/18 1:27,88,8.8,880
2023/8/18 1:28,89,8.9,890
2023/8/18 1:29,90,9,900
2023/8/18 1:30,91,9.1,910
2023/8/18 1:31,92,9.2,920
2023/8/18 1:32,93,9.3,930
2023/8/18 1:33,94,9.4,940
2023/8/18 1:34,95,9.5,950
2023/8/18 1:35,96,9.6,960
2023/8/18 1:36,97,9.7,970
2023/8/18 1:37,98,9.8,980
2023/8/18 1:38,99,9.9,990
2023/8/18 1:39,100,10,1000
2023/8/18 1:40,99,9.9,990
2023/8/18 1:41,98,9.8,980
2023/8/18 1:42,97,9.7,970
2023/8/18 1:43,96,9.6,960
2023/8/18 1:44,95,9.5,950
2023/8/18 1:45,94,9.4,940
2023/8/18 1:46,93,9.3,930
2023/8/18 1:47,92,9.2,920
2023/8/18 1:48,91,9.1,910
2023/8/18 1:49,90,9,900
2023/8/18 1:50,89,8.9,890
2023/8/18 1:51,88,8.8,880
2023/8/18 1:52,87,8.7,870
2023/8/18 1:53,86,8.6,860
2023/8/18 1:54,85,8.5,850
2023/8/18 1:55,84,8.4,840
2023/8/18 1:56,83,8.3,830
2023/8/18 1:57,82,8.2,820
2023/8/18 1:58,81,8.1,810
2023/8/18 1:59,80,8,800
2023/8/18 2:00,79,7.9,790
2023/8/18 2:01,78,7.8,780
2023/8/18 2:02,77,7.7,770
2023/8/18 2:03,76,7.6,760
2023/8/18 2:04,75,7.5,750
2023/8/18 2:05,74,7.4,740
2023/8/18 2:06,73,7.3,730
2023/8/18 2:07,72,7.2,720
2023/8/18 2:08,71,7.1,710
2023/8/18 2:09,70,7,700
2023/8/18 2:10,69,6.9,690
2023/8/18 2:11,68,6.8,680
2023/8/18 2:12,67,6.7,670
2023/8/18 2:13,66,6.6,660
2023/8/18 2:14,65,6.5,650
2023/8/18 2:15,64,6.4,640
2023/8/18 2:16,63,6.3,630
2023/8/18 2:17,62,6.2,620
2023/8/18 2:18,61,6.1,610
2023/8/18 2:19,60,6,600
2023/8/18 2:20,59,5.9,590
2023/8/18 2:21,58,5.8,580
2023/8/18 2:22,57,5.7,570
2023/8/18 2:23,56,5.6,560
2023/8/18 2:24,55,5.5,550
2023/8/18 2:25,54,5.4,540
2023/8/18 2:26,53,5.3,530
2023/8/18 2:27,52,5.2,520
2023/8/18 2:28,51,5.1,510
2023/8/18 2:29,50,5,500
2023/8/18 2:30,49,4.9,490
2023/8/18 2:31,48,4.8,480
2023/8/18 2:32,47,4.7,470
2023/8/18 2:33,46,4.6,460
2023/8/18 2:34,45,4.5,450
2023/8/18 2:35,44,4.4,440
2023/8/18 2:36,43,4.3,430
2023/8/18 2:37,42,4.2,420
2023/8/18 2:38,41,4.1,410
2023/8/18 2:39,40,4,400
2023/8/18 2:40,39,3.9,390
2023/8/18 2:41,38,3.8,380
2023/8/18 2:42,37,3.7,370
2023/8/18 2:43,36,3.6,360
2023/8/18 2:44,35,3.5,350
2023/8/18 2:45,34,3.4,340
2023/8/18 2:46,33,3.3,330
2023/8/18 2:47,32,3.2,320
2023/8/18 2:48,31,3.1,310
2023/8/18 2:49,30,3,300
2023/8/18 2:50,29,2.9,290
2023/8/18 2:51,28,2.8,280
2023/8/18 2:52,27,2.7,270
2023/8/18 2:53,26,2.6,260
2023/8/18 2:54,25,2.5,250
2023/8/18 2:55,24,2.4,240
2023/8/18 2:56,23,2.3,230
2023/8/18 2:57,22,2.2,220
2023/8/18 2:58,21,2.1,210
2023/8/18 2:59,20,2,200
2023/8/18 3:00,19,1.9,190
2023/8/18 3:01,18,1.8,180
2023/8/18 3:02,17,1.7,170
2023/8/18 3:03,16,1.6,160
2023/8/18 3:04,15,1.5,150
2023/8/18 3:05,14,1.4,140
2023/8/18 3:06,13,1.3,130
2023/8/18 3:07,12,1.2,120
2023/8/18 3:08,11,1.1,110
2023/8/18 3:09,10,1,100
2023/8/18 3:10,9,0.9,90
2023/8/18 3:11,8,0.8,80
2023/8/18 3:12,7,0.7,70
2023/8/18 3:13,6,0.6,60
2023/8/18 3:14,5,0.5,50
2023/8/18 3:15,4,0.4,40
2023/8/18 3:16,3,0.3,30
2023/8/18 3:17,2,0.2,20
2023/8/18 3:18,1,0.1,10
2023/8/18 3:19,2,0.2,20
2023/8/18 3:20,3,0.3,30
2023/8/18 3:21,4,0.4,40
2023/8/18 3:22,5,0.5,50
2023/8/18 3:23,6,0.6,60
2023/8/18 3:24,7,0.7,70
2023/8/18 3:25,8,0.8,80
2023/8/18 3:26,9,0.9,90
2023/8/18 3:27,10,1,100
2023/8/18 3:28,11,1.1,110
2023/8/18 3:29,12,1.2,120
2023/8/18 3:30,13,1.3,130
2023/8/18 3:31,14,1.4,140
2023/8/18 3:32,15,1.5,150
2023/8/18 3:33,16,1.6,160
2023/8/18 3:34,17,1.7,170
2023/8/18 3:35,18,1.8,180
2023/8/18 3:36,19,1.9,190
2023/8/18 3:37,20,2,200
2023/8/18 3:38,21,2.1,210
2023/8/18 3:39,22,2.2,220
2023/8/18 3:40,23,2.3,230
2023/8/18 3:41,24,2.4,240
2023/8/18 3:42,25,2.5,250
2023/8/18 3:43,26,2.6,260
2023/8/18 3:44,27,2.7,270
2023/8/18 3:45,28,2.8,280
2023/8/18 3:46,29,2.9,290
2023/8/18 3:47,30,3,300
2023/8/18 3:48,31,3.1,310
2023/8/18 3:49,32,3.2,320
2023/8/18 3:50,33,3.3,330
2023/8/18 3:51,34,3.4,340
2023/8/18 3:52,35,3.5,350
2023/8/18 3:53,36,3.6,360
2023/8/18 3:54,37,3.7,370
2023/8/18 3:55,38,3.8,380
2023/8/18 3:56,39,3.9,390
2023/8/18 3:57,40,4,400
2023/8/18 3:58,41,4.1,410
2023/8/18 3:59,42,4.2,420
2023/8/18 4:00,43,4.3,430
2023/8/18 4:01,44,4.4,440
2023/8/18 4:02,45,4.5,450
2023/8/18 4:03,46,4.6,460
2023/8/18 4:04,47,4.7,470
2023/8/18 4:05,48,4.8,480
2023/8/18 4:06,49,4.9,490
2023/8/18 4:07,50,5,500
2023/8/18 4:08,51,5.1,510
2023/8/18 4:09,52,5.2,520
2023/8/18 4:10,53,5.3,530
2023/8/18 4:11,54,5.4,540
2023/8/18 4:12,55,5.5,550
2023/8/18 4:13,56,5.6,560
2023/8/18 4:14,57,5.7,570
2023/8/18 4:15,58,5.8,580
2023/8/18 4:16,59,5.9,590
2023/8/18 4:17,60,6,600
2023/8/18 4:18,61,6.1,610
2023/8/18 4:19,62,6.2,620
2023/8/18 4:20,63,6.3,630
2023/8/18 4:21,64,6.4,640
2023/8/18 4:22,65,6.5,650
2023/8/18 4:23,66,6.6,660
2023/8/18 4:24,67,6.7,670
2023/8/18 4:25,68,6.8,680
2023/8/18 4:26,69,6.9,690
2023/8/18 4:27,70,7,700
2023/8/18 4:28,71,7.1,710
2023/8/18 4:29,72,7.2,720
2023/8/18 4:30,73,7.3,730
2023/8/18 4:31,74,7.4,740
2023/8/18 4:32,75,7.5,750
2023/8/18 4:33,76,7.6,760
2023/8/18 4:34,77,7.7,770
2023/8/18 4:35,78,7.8,780
2023/8/18 4:36,79,7.9,790
2023/8/18 4:37,80,8,800
2023/8/18 4:38,81,8.1,810
2023/8/18 4:39,82,8.2,820
2023/8/18 4:40,83,8.3,830
2023/8/18 4:41,84,8.4,840
2023/8/18 4:42,85,8.5,850
2023/8/18 4:43,86,8.6,860
2023/8/18 4:44,87,8.7,870
2023/8/18 4:45,88,8.8,880
2023/8/18 4:46,89,8.9,890
2023/8/18 4:47,90,9,900
2023/8/18 4:48,91,9.1,910
2023/8/18 4:49,92,9.2,920
2023/8/18 4:50,93,9.3,930
2023/8/18 4:51,94,9.4,940
2023/8/18 4:52,95,9.5,950
2023/8/18 4:53,96,9.6,960
2023/8/18 4:54,97,9.7,970
2023/8/18 4:55,98,9.8,980
2023/8/18 4:56,99,9.9,990
2023/8/18 4:57,100,10,1000
2023/8/18 4:58,99,9.9,990
2023/8/18 4:59,98,9.8,980
2023/8/18 5:00,97,9.7,970
2023/8/18 5:01,96,9.6,960
2023/8/18 5:02,95,9.5,950
2023/8/18 5:03,94,9.4,940
2023/8/18 5:04,93,9.3,930
2023/8/18 5:05,92,9.2,920
2023/8/18 5:06,91,9.1,910
2023/8/18 5:07,90,9,900
2023/8/18 5:08,89,8.9,890
2023/8/18 5:09,88,8.8,880
2023/8/18 5:10,87,8.7,870
2023/8/18 5:11,86,8.6,860
2023/8/18 5:12,85,8.5,850
2023/8/18 5:13,84,8.4,840
2023/8/18 5:14,83,8.3,830
2023/8/18 5:15,82,8.2,820
2023/8/18 5:16,81,8.1,810
2023/8/18 5:17,80,8,800
2023/8/18 5:18,79,7.9,790
2023/8/18 5:19,78,7.8,780
2023/8/18 5:20,77,7.7,770
2023/8/18 5:21,76,7.6,760
2023/8/18 5:22,75,7.5,750
2023/8/18 5:23,74,7.4,740
2023/8/18 5:24,73,7.3,730
2023/8/18 5:25,72,7.2,720
2023/8/18 5:26,71,7.1,710
2023/8/18 5:27,70,7,700
2023/8/18 5:28,69,6.9,690
2023/8/18 5:29,68,6.8,680
2023/8/18 5:30,67,6.7,670
2023/8/18 5:31,66,6.6,660
2023/8/18 5:32,65,6.5,650
2023/8/18 5:33,64,6.4,640
2023/8/18 5:34,63,6.3,630
2023/8/18 5:35,62,6.2,620
2023/8/18 5:36,61,6.1,610
2023/8/18 5:37,60,6,600
2023/8/18 5:38,59,5.9,590
2023/8/18 5:39,58,5.8,580
2023/8/18 5:40,57,5.7,570
2023/8/18 5:41,56,5.6,560
2023/8/18 5:42,55,5.5,550
2023/8/18 5:43,54,5.4,540
2023/8/18 5:44,53,5.3,530
2023/8/18 5:45,52,5.2,520
2023/8/18 5:46,51,5.1,510
2023/8/18 5:47,50,5,500
2023/8/18 5:48,49,4.9,490
2023/8/18 5:49,48,4.8,480
2023/8/18 5:50,47,4.7,470
2023/8/18 5:51,46,4.6,460
2023/8/18 5:52,45,4.5,450
2023/8/18 5:53,44,4.4,440
2023/8/18 5:54,43,4.3,430
2023/8/18 5:55,42,4.2,420
2023/8/18 5:56,41,4.1,410
2023/8/18 5:57,40,4,400
2023/8/18 5:58,39,3.9,390
2023/8/18 5:59,38,3.8,380
2023/8/18 6:00,37,3.7,370
2023/8/18 6:01,36,3.6,360
2023/8/18 6:02,35,3.5,350
2023/8/18 6:03,34,3.4,340
2023/8/18 6:04,33,3.3,330
2023/8/18 6:05,32,3.2,320
2023/8/18 6:06,31,3.1,310
2023/8/18 6:07,30,3,300
2023/8/18 6:08,29,2.9,290
2023/8/18 6:09,28,2.8,280
2023/8/18 6:10,27,2.7,270
2023/8/18 6:11,26,2.6,260
2023/8/18 6:12,25,2.5,250
2023/8/18 6:13,24,2.4,240
2023/8/18 6:14,23,2.3,230
2023/8/18 6:15,22,2.2,220
2023/8/18 6:16,21,2.1,210
2023/8/18 6:17,20,2,200
2023/8/18 6:18,19,1.9,190
2023/8/18 6:19,18,1.8,180
2023/8/18 6:20,17,1.7,170
2023/8/18 6:21,16,1.6,160
2023/8/18 6:22,15,1.5,150
2023/8/18 6:23,14,1.4,140
2023/8/18 6:24,13,1.3,130
2023/8/18 6:25,12,1.2,120
2023/8/18 6:26,11,1.1,110
2023/8/18 6:27,10,1,100
2023/8/18 6:28,9,0.9,90
2023/8/18 6:29,8,0.8,80
2023/8/18 6:30,7,0.7,70
2023/8/18 6:31,6,0.6,60
2023/8/18 6:32,5,0.5,50
2023/8/18 6:33,4,0.4,40
2023/8/18 6:34,3,0.3,30
2023/8/18 6:35,2,0.2,20
2023/8/18 6:36,1,0.1,10
2023/8/18 6:37,2,0.2,20
2023/8/18 6:38,3,0.3,30
2023/8/18 6:39,4,0.4,40
2023/8/18 6:40,5,0.5,50
2023/8/18 6:41,6,0.6,60
2023/8/18 6:42,7,0.7,70
2023/8/18 6:43,8,0.8,80
2023/8/18 6:44,9,0.9,90
2023/8/18 6:45,10,1,100
2023/8/18 6:46,11,1.1,110
2023/8/18 6:47,12,1.2,120
2023/8/18 6:48,13,1.3,130
2023/8/18 6:49,14,1.4,140
2023/8/18 6:50,15,1.5,150
2023/8/18 6:51,16,1.6,160
2023/8/18 6:52,17,1.7,170
2023/8/18 6:53,18,1.8,180
2023/8/18 6:54,19,1.9,190
2023/8/18 6:55,20,2,200
2023/8/18 6:56,21,2.1,210
2023/8/18 6:57,22,2.2,220
2023/8/18 6:58,23,2.3,230
2023/8/18 6:59,24,2.4,240
2023/8/18 7:00,25,2.5,250
2023/8/18 7:01,26,2.6,260
2023/8/18 7:02,27,2.7,270
2023/8/18 7:03,28,2.8,280
2023/8/18 7:04,29,2.9,290
2023/8/18 7:05,30,3,300
2023/8/18 7:06,31,3.1,310
2023/8/18 7:07,32,3.2,320
2023/8/18 7:08,33,3.3,330
2023/8/18 7:09,34,3.4,340
2023/8/18 7:10,35,3.5,350
2023/8/18 7:11,36,3.6,360
2023/8/18 7:12,37,3.7,370
2023/8/18 7:13,38,3.8,380
2023/8/18 7:14,39,3.9,390
2023/8/18 7:15,40,4,400
2023/8/18 7:16,41,4.1,410
2023/8/18 7:17,42,4.2,420
2023/8/18 7:18,43,4.3,430
2023/8/18 7:19,44,4.4,440
2023/8/18 7:20,45,4.5,450
2023/8/18 7:21,46,4.6,460
2023/8/18 7:22,47,4.7,470
2023/8/18 7:23,48,4.8,480
2023/8/18 7:24,49,4.9,490
2023/8/18 7:25,50,5,500
2023/8/18 7:26,51,5.1,510
2023/8/18 7:27,52,5.2,520
2023/8/18 7:28,53,5.3,530
2023/8/18 7:29,54,5.4,540
2023/8/18 7:30,55,5.5,550
2023/8/18 7:31,56,5.6,560
2023/8/18 7:32,57,5.7,570
2023/8/18 7:33,58,5.8,580
2023/8/18 7:34,59,5.9,590
2023/8/18 7:35,60,6,600
2023/8/18 7:36,61,6.1,610
2023/8/18 7:37,62,6.2,620
2023/8/18 7:38,63,6.3,630
2023/8/18 7:39,64,6.4,640
2023/8/18 7:40,65,6.5,650
2023/8/18 7:41,66,6.6,660
2023/8/18 7:42,67,6.7,670
2023/8/18 7:43,68,6.8,680
2023/8/18 7:44,69,6.9,690
2023/8/18 7:45,70,7,700
2023/8/18 7:46,71,7.1,710
2023/8/18 7:47,72,7.2,720
2023/8/18 7:48,73,7.3,730
2023/8/18 7:49,74,7.4,740
2023/8/18 7:50,75,7.5,750
2023/8/18 7:51,76,7.6,760
2023/8/18 7:52,77,7.7,770
2023/8/18 7:53,78,7.8,780
2023/8/18 7:54,79,7.9,790
2023/8/18 7:55,80,8,800
2023/8/18 7:56,81,8.1,810
2023/8/18 7:57,82,8.2,820
2023/8/18 7:58,83,8.3,830
2023/8/18 7:59,84,8.4,840
2023/8/18 8:00,85,8.5,850
2023/8/18 8:01,86,8.6,860
2023/8/18 8:02,87,8.7,870
2023/8/18 8:03,88,8.8,880
2023/8/18 8:04,89,8.9,890
2023/8/18 8:05,90,9,900
2023/8/18 8:06,91,9.1,910
2023/8/18 8:07,92,9.2,920
2023/8/18 8:08,93,9.3,930
2023/8/18 8:09,94,9.4,940
2023/8/18 8:10,95,9.5,950
2023/8/18 8:11,96,9.6,960
2023/8/18 8:12,97,9.7,970
2023/8/18 8:13,98,9.8,980
2023/8/18 8:14,99,9.9,990
2023/8/18 8:15,100,10,1000
2023/8/18 8:16,99,9.9,990
2023/8/18 8:17,98,9.8,980
2023/8/18 8:18,97,9.7,970
2023/8/18 8:19,96,9.6,960
2023/8/18 8:20,95,9.5,950
2023/8/18 8:21,94,9.4,940
2023/8/18 8:22,93,9.3,930
2023/8/18 8:23,92,9.2,920
2023/8/18 8:24,91,9.1,910
2023/8/18 8:25,90,9,900
2023/8/18 8:26,89,8.9,890
2023/8/18 8:27,88,8.8,880
2023/8/18 8:28,87,8.7,870
2023/8/18 8:29,86,8.6,860
2023/8/18 8:30,85,8.5,850
2023/8/18 8:31,84,8.4,840
2023/8/18 8:32,83,8.3,830
2023/8/18 8:33,82,8.2,820
2023/8/18 8:34,81,8.1,810
2023/8/18 8:35,80,8,800
2023/8/18 8:36,79,7.9,790
2023/8/18 8:37,78,7.8,780
2023/8/18 8:38,77,7.7,770
2023/8/18 8:39,76,7.6,760
2023/8/18 8:40,75,7.5,750
2023/8/18 8:41,74,7.4,740
2023/8/18 8:42,73,7.3,730
2023/8/18 8:43,72,7.2,720
2023/8/18 8:44,71,7.1,710
2023/8/18 8:45,70,7,700
2023/8/18 8:46,69,6.9,690
2023/8/18 8:47,68,6.8,680
2023/8/18 8:48,67,6.7,670
2023/8/18 8:49,66,6.6,660
2023/8/18 8:50,65,6.5,650
2023/8/18 8:51,64,6.4,640
2023/8/18 8:52,63,6.3,630
2023/8/18 8:53,62,6.2,620
2023/8/18 8:54,61,6.1,610
2023/8/18 8:55,60,6,600
2023/8/18 8:56,59,5.9,590
2023/8/18 8:57,58,5.8,580
2023/8/18 8:58,57,5.7,570
2023/8/18 8:59,56,5.6,560
2023/8/18 9:00,55,5.5,550
2023/8/18 9:01,54,5.4,540
2023/8/18 9:02,53,5.3,530
2023/8/18 9:03,52,5.2,520
2023/8/18 9:04,51,5.1,510
2023/8/18 9:05,50,5,500
2023/8/18 9:06,49,4.9,490
2023/8/18 9:07,48,4.8,480
2023/8/18 9:08,47,4.7,470
2023/8/18 9:09,46,4.6,460
2023/8/18 9:10,45,4.5,450
2023/8/18 9:11,44,4.4,440
2023/8/18 9:12,43,4.3,430
2023/8/18 9:13,42,4.2,420
2023/8/18 9:14,41,4.1,410
2023/8/18 9:15,40,4,400
2023/8/18 9:16,39,3.9,390
2023/8/18 9:17,38,3.8,380
2023/8/18 9:18,37,3.7,370
2023/8/18 9:19,36,3.6,360
2023/8/18 9:20,35,3.5,350
2023/8/18 9:21,34,3.4,340
2023/8/18 9:22,33,3.3,330
2023/8/18 9:23,32,3.2,320
2023/8/18 9:24,31,3.1,310
2023/8/18 9:25,30,3,300
2023/8/18 9:26,29,2.9,290
2023/8/18 9:27,28,2.8,280
2023/8/18 9:28,27,2.7,270
2023/8/18 9:29,26,2.6,260
2023/8/18 9:30,25,2.5,250
2023/8/18 9:31,24,2.4,240
2023/8/18 9:32,23,2.3,230
2023/8/18 9:33,22,2.2,220
2023/8/18 9:34,21,2.1,210
2023/8/18 9:35,20,2,200
2023/8/18 9:36,19,1.9,190
2023/8/18 9:37,18,1.8,180
2023/8/18 9:38,17,1.7,170
2023/8/18 9:39,16,1.6,160
2023/8/18 9:40,15,1.5,150
2023/8/18 9:41,14,1.4,140
2023/8/18 9:42,13,1.3,130
2023/8/18 9:43,12,1.2,120
2023/8/18 9:44,11,1.1,110
2023/8/18 9:45,10,1,100
2023/8/18 9:46,9,0.9,90
2023/8/18 9:47,8,0.8,80
2023/8/18 9:48,7,0.7,70
2023/8/18 9:49,6,0.6,60
2023/8/18 9:50,5,0.5,50
2023/8/18 9:51,4,0.4,40
2023/8/18 9:52,3,0.3,30
2023/8/18 9:53,2,0.2,20
2023/8/18 9:54,1,0.1,10
2023/8/18 9:55,2,0.2,20
2023/8/18 9:56,3,0.3,30
2023/8/18 9:57,4,0.4,40
2023/8/18 9:58,5,0.5,50
2023/8/18 9:59,6,0.6,60
2023/8/18 10:00,7,0.7,70
2023/8/18 10:01,8,0.8,80
2023/8/18 10:02,9,0.9,90
2023/8/18 10:03,10,1,100
2023/8/18 10:04,11,1.1,110
2023/8/18 10:05,12,1.2,120
2023/8/18 10:06,13,1.3,130
2023/8/18 10:07,14,1.4,140
2023/8/18 10:08,15,1.5,150
2023/8/18 10:09,16,1.6,160
2023/8/18 10:10,17,1.7,170
2023/8/18 10:11,18,1.8,180
2023/8/18 10:12,19,1.9,190
2023/8/18 10:13,20,2,200
2023/8/18 10:14,21,2.1,210
2023/8/18 10:15,22,2.2,220
2023/8/18 10:16,23,2.3,230
2023/8/18 10:17,24,2.4,240
2023/8/18 10:18,25,2.5,250
2023/8/18 10:19,26,2.6,260
2023/8/18 10:20,27,2.7,270
2023/8/18 10:21,28,2.8,280
2023/8/18 10:22,29,2.9,290
2023/8/18 10:23,30,3,300
2023/8/18 10:24,31,3.1,310
2023/8/18 10:25,32,3.2,320
2023/8/18 10:26,33,3.3,330
2023/8/18 10:27,34,3.4,340
2023/8/18 10:28,35,3.5,350
2023/8/18 10:29,36,3.6,360
2023/8/18 10:30,37,3.7,370
2023/8/18 10:31,38,3.8,380
2023/8/18 10:32,39,3.9,390
2023/8/18 10:33,40,4,400
2023/8/18 10:34,41,4.1,410
2023/8/18 10:35,42,4.2,420
2023/8/18 10:36,43,4.3,430
2023/8/18 10:37,44,4.4,440
2023/8/18 10:38,45,4.5,450
2023/8/18 10:39,46,4.6,460
2023/8/18 10:40,47,4.7,470
2023/8/18 10:41,48,4.8,480
2023/8/18 10:42,49,4.9,490
2023/8/18 10:43,50,5,500
2023/8/18 10:44,51,5.1,510
2023/8/18 10:45,52,5.2,520
2023/8/18 10:46,53,5.3,530
2023/8/18 10:47,54,5.4,540
2023/8/18 10:48,55,5.5,550
2023/8/18 10:49,56,5.6,560
2023/8/18 10:50,57,5.7,570
2023/8/18 10:51,58,5.8,580
2023/8/18 10:52,59,5.9,590
2023/8/18 10:53,60,6,600
2023/8/18 10:54,61,6.1,610
2023/8/18 10:55,62,6.2,620
2023/8/18 10:56,63,6.3,630
2023/8/18 10:57,64,6.4,640
2023/8/18 10:58,65,6.5,650
2023/8/18 10:59,66,6.6,660
2023/8/18 11:00,67,6.7,670
2023/8/18 11:01,68,6.8,680
2023/8/18 11:02,69,6.9,690
2023/8/18 11:03,70,7,700
2023/8/18 11:04,71,7.1,710
2023/8/18 11:05,72,7.2,720
2023/8/18 11:06,73,7.3,730
2023/8/18 11:07,74,7.4,740
2023/8/18 11:08,75,7.5,750
2023/8/18 11:09,76,7.6,760
2023/8/18 11:10,77,7.7,770
2023/8/18 11:11,78,7.8,780
2023/8/18 11:12,79,7.9,790
2023/8/18 11:13,80,8,800
2023/8/18 11:14,81,8.1,810
2023/8/18 11:15,82,8.2,820
2023/8/18 11:16,83,8.3,830
2023/8/18 11:17,84,8.4,840
2023/8/18 11:18,85,8.5,850
2023/8/18 11:19,86,8.6,860
2023/8/18 11:20,87,8.7,870
2023/8/18 11:21,88,8.8,880
2023/8/18 11:22,89,8.9,890
2023/8/18 11:23,90,9,900
2023/8/18 11:24,91,9.1,910
2023/8/18 11:25,92,9.2,920
2023/8/18 11:26,93,9.3,930
2023/8/18 11:27,94,9.4,940
2023/8/18 11:28,95,9.5,950
2023/8/18 11:29,96,9.6,960
2023/8/18 11:30,97,9.7,970
2023/8/18 11:31,98,9.8,980
2023/8/18 11:32,99,9.9,990
2023/8/18 11:33,100,10,1000
2023/8/18 11:34,99,9.9,990
2023/8/18 11:35,98,9.8,980
2023/8/18 11:36,97,9.7,970
2023/8/18 11:37,96,9.6,960
2023/8/18 11:38,95,9.5,950
2023/8/18 11:39,94,9.4,940
2023/8/18 11:40,93,9.3,930
2023/8/18 11:41,92,9.2,920
2023/8/18 11:42,91,9.1,910
2023/8/18 11:43,90,9,900
2023/8/18 11:44,89,8.9,890
2023/8/18 11:45,88,8.8,880
2023/8/18 11:46,87,8.7,870
2023/8/18 11:47,86,8.6,860
2023/8/18 11:48,85,8.5,850
2023/8/18 11:49,84,8.4,840
2023/8/18 11:50,83,8.3,830
2023/8/18 11:51,82,8.2,820
2023/8/18 11:52,81,8.1,810
2023/8/18 11:53,80,8,800
2023/8/18 11:54,79,7.9,790
2023/8/18 11:55,78,7.8,780
2023/8/18 11:56,77,7.7,770
2023/8/18 11:57,76,7.6,760
2023/8/18 11:58,75,7.5,750
2023/8/18 11:59,74,7.4,740
2023/8/18 12:00,73,7.3,730
2023/8/18 12:01,72,7.2,720
2023/8/18 12:02,71,7.1,710
2023/8/18 12:03,70,7,700
2023/8/18 12:04,69,6.9,690
2023/8/18 12:05,68,6.8,680
2023/8/18 12:06,67,6.7,670
2023/8/18 12:07,66,6.6,660
2023/8/18 12:08,65,6.5,650
2023/8/18 12:09,64,6.4,640
2023/8/18 12:10,63,6.3,630
2023/8/18 12:11,62,6.2,620
2023/8/18 12:12,61,6.1,610
2023/8/18 12:13,60,6,600
2023/8/18 12:14,59,5.9,590
2023/8/18 12:15,58,5.8,580
2023/8/18 12:16,57,5.7,570
2023/8/18 12:17,56,5.6,560
2023/8/18 12:18,55,5.5,550
2023/8/18 12:19,54,5.4,540
2023/8/18 12:20,53,5.3,530
2023/8/18 12:21,52,5.2,520
2023/8/18 12:22,51,5.1,510
2023/8/18 12:23,50,5,500
2023/8/18 12:24,49,4.9,490
2023/8/18 12:25,48,4.8,480
2023/8/18 12:26,47,4.7,470
2023/8/18 12:27,46,4.6,460
2023/8/18 12:28,45,4.5,450
2023/8/18 12:29,44,4.4,440
2023/8/18 12:30,43,4.3,430
2023/8/18 12:31,42,4.2,420
2023/8/18 12:32,41,4.1,410
2023/8/18 12:33,40,4,400
2023/8/18 12:34,39,3.9,390
2023/8/18 12:35,38,3.8,380
2023/8/18 12:36,37,3.7,370
2023/8/18 12:37,36,3.6,360
2023/8/18 12:38,35,3.5,350
2023/8/18 12:39,34,3.4,340
2023/8/18 12:40,33,3.3,330
2023/8/18 12:41,32,3.2,320
2023/8/18 12:42,31,3.1,310
2023/8/18 12:43,30,3,300
2023/8/18 12:44,29,2.9,290
2023/8/18 12:45,28,2.8,280
2023/8/18 12:46,27,2.7,270
2023/8/18 12:47,26,2.6,260
2023/8/18 12:48,25,2.5,250
2023/8/18 12:49,24,2.4,240
2023/8/18 12:50,23,2.3,230
2023/8/18 12:51,22,2.2,220
2023/8/18 12:52,21,2.1,210
2023/8/18 12:53,20,2,200
2023/8/18 12:54,19,1.9,190
2023/8/18 12:55,18,1.8,180
2023/8/18 12:56,17,1.7,170
2023/8/18 12:57,16,1.6,160
2023/8/18 12:58,15,1.5,150
2023/8/18 12:59,14,1.4,140
2023/8/18 13:00,13,1.3,130
2023/8/18 13:01,12,1.2,120
2023/8/18 13:02,11,1.1,110
2023/8/18 13:03,10,1,100
2023/8/18 13:04,9,0.9,90
2023/8/18 13:05,8,0.8,80
2023/8/18 13:06,7,0.7,70
2023/8/18 13:07,6,0.6,60
2023/8/18 13:08,5,0.5,50
2023/8/18 13:09,4,0.4,40
2023/8/18 13:10,3,0.3,30
2023/8/18 13:11,2,0.2,20
2023/8/18 13:12,1,0.1,10
2023/8/18 13:13,2,0.2,20
2023/8/18 13:14,3,0.3,30
2023/8/18 13:15,4,0.4,40
2023/8/18 13:16,5,0.5,50
2023/8/18 13:17,6,0.6,60
2023/8/18 13:18,7,0.7,70
2023/8/18 13:19,8,0.8,80
2023/8/18 13:20,9,0.9,90
2023/8/18 13:21,10,1,100
2023/8/18 13:22,11,1.1,110
2023/8/18 13:23,12,1.2,120
2023/8/18 13:24,13,1.3,130
2023/8/18 13:25,14,1.4,140
2023/8/18 13:26,15,1.5,150
2023/8/18 13:27,16,1.6,160
2023/8/18 13:28,17,1.7,170
2023/8/18 13:29,18,1.8,180
2023/8/18 13:30,19,1.9,190
2023/8/18 13:31,20,2,200
2023/8/18 13:32,21,2.1,210
2023/8/18 13:33,22,2.2,220
2023/8/18 13:34,23,2.3,230
2023/8/18 13:35,24,2.4,240
2023/8/18 13:36,25,2.5,250
2023/8/18 13:37,26,2.6,260
2023/8/18 13:38,27,2.7,270
2023/8/18 13:39,28,2.8,280
2023/8/18 13:40,29,2.9,290
2023/8/18 13:41,30,3,300
2023/8/18 13:42,31,3.1,310
2023/8/18 13:43,32,3.2,320
2023/8/18 13:44,33,3.3,330
2023/8/18 13:45,34,3.4,340
2023/8/18 13:46,35,3.5,350
2023/8/18 13:47,36,3.6,360
2023/8/18 13:48,37,3.7,370
2023/8/18 13:49,38,3.8,380
2023/8/18 13:50,39,3.9,390
2023/8/18 13:51,40,4,400
2023/8/18 13:52,41,4.1,410
2023/8/18 13:53,42,4.2,420
2023/8/18 13:54,43,4.3,430
2023/8/18 13:55,44,4.4,440
2023/8/18 13:56,45,4.5,450
2023/8/18 13:57,46,4.6,460
2023/8/18 13:58,47,4.7,470
2023/8/18 13:59,48,4.8,480
2023/8/18 14:00,49,4.9,490
2023/8/18 14:01,50,5,500
2023/8/18 14:02,51,5.1,510
2023/8/18 14:03,52,5.2,520
2023/8/18 14:04,53,5.3,530
2023/8/18 14:05,54,5.4,540
2023/8/18 14:06,55,5.5,550
2023/8/18 14:07,56,5.6,560
2023/8/18 14:08,57,5.7,570
2023/8/18 14:09,58,5.8,580
2023/8/18 14:10,59,5.9,590
2023/8/18 14:11,60,6,600
2023/8/18 14:12,61,6.1,610
2023/8/18 14:13,62,6.2,620
2023/8/18 14:14,63,6.3,630
2023/8/18 14:15,64,6.4,640
2023/8/18 14:16,65,6.5,650
2023/8/18 14:17,66,6.6,660
2023/8/18 14:18,67,6.7,670
2023/8/18 14:19,68,6.8,680
2023/8/18 14:20,69,6.9,690
2023/8/18 14:21,70,7,700
2023/8/18 14:22,71,7.1,710
2023/8/18 14:23,72,7.2,720
2023/8/18 14:24,73,7.3,730
2023/8/18 14:25,74,7.4,740
2023/8/18 14:26,75,7.5,750
2023/8/18 14:27,76,7.6,760
2023/8/18 14:28,77,7.7,770
2023/8/18 14:29,78,7.8,780
2023/8/18 14:30,79,7.9,790
2023/8/18 14:31,80,8,800
2023/8/18 14:32,81,8.1,810
2023/8/18 14:33,82,8.2,820
2023/8/18 14:34,83,8.3,830
2023/8/18 14:35,84,8.4,840
2023/8/18 14:36,85,8.5,850
2023/8/18 14:37,86,8.6,860
2023/8/18 14:38,87,8.7,870
2023/8/18 14:39,88,8.8,880
2023/8/18 14:40,89,8.9,890
2023/8/18 14:41,90,9,900
2023/8/18 14:42,91,9.1,910
2023/8/18 14:43,92,9.2,920
2023/8/18 14:44,93,9.3,930
2023/8/18 14:45,94,9.4,940
2023/8/18 14:46,95,9.5,950
2023/8/18 14:47,96,9.6,960
2023/8/18 14:48,97,9.7,970
2023/8/18 14:49,98,9.8,980
2023/8/18 14:50,99,9.9,990
2023/8/18 14:51,100,10,1000
2023/8/18 14:52,99,9.9,990
2023/8/18 14:53,98,9.8,980
2023/8/18 14:54,97,9.7,970
2023/8/18 14:55,96,9.6,960
2023/8/18 14:56,95,9.5,950
2023/8/18 14:57,94,9.4,940
2023/8/18 14:58,93,9.3,930
2023/8/18 14:59,92,9.2,920
2023/8/18 15:00,91,9.1,910
2023/8/18 15:01,90,9,900
2023/8/18 15:02,89,8.9,890
2023/8/18 15:03,88,8.8,880
2023/8/18 15:04,87,8.7,870
2023/8/18 15:05,86,8.6,860
2023/8/18 15:06,85,8.5,850
2023/8/18 15:07,84,8.4,840
2023/8/18 15:08,83,8.3,830
2023/8/18 15:09,82,8.2,820
2023/8/18 15:10,81,8.1,810
2023/8/18 15:11,80,8,800
2023/8/18 15:12,79,7.9,790
2023/8/18 15:13,78,7.8,780
2023/8/18 15:14,77,7.7,770
2023/8/18 15:15,76,7.6,760
2023/8/18 15:16,75,7.5,750
2023/8/18 15:17,74,7.4,740
2023/8/18 15:18,73,7.3,730
2023/8/18 15:19,72,7.2,720
2023/8/18 15:20,71,7.1,710
2023/8/18 15:21,70,7,700
2023/8/18 15:22,69,6.9,690
2023/8/18 15:23,68,6.8,680
2023/8/18 15:24,67,6.7,670
2023/8/18 15:25,66,6.6,660
2023/8/18 15:26,65,6.5,650
2023/8/18 15:27,64,6.4,640
2023/8/18 15:28,63,6.3,630
2023/8/18 15:29,62,6.2,620
2023/8/18 15:30,61,6.1,610
2023/8/18 15:31,60,6,600
2023/8/18 15:32,59,5.9,590
2023/8/18 15:33,58,5.8,580
2023/8/18 15:34,57,5.7,570
2023/8/18 15:35,56,5.6,560
2023/8/18 15:36,55,5.5,550
2023/8/18 15:37,54,5.4,540
2023/8/18 15:38,53,5.3,530
2023/8/18 15:39,52,5.2,520
2023/8/18 15:40,51,5.1,510
2023/8/18 15:41,50,5,500
2023/8/18 15:42,49,4.9,490
2023/8/18 15:43,48,4.8,480
2023/8/18 15:44,47,4.7,470
2023/8/18 15:45,46,4.6,460
2023/8/18 15:46,45,4.5,450
2023/8/18 15:47,44,4.4,440
2023/8/18 15:48,43,4.3,430
2023/8/18 15:49,42,4.2,420
2023/8/18 15:50,41,4.1,410
2023/8/18 15:51,40,4,400
2023/8/18 15:52,39,3.9,390
2023/8/18 15:53,38,3.8,380
2023/8/18 15:54,37,3.7,370
2023/8/18 15:55,36,3.6,360
2023/8/18 15:56,35,3.5,350
2023/8/18 15:57,34,3.4,340
2023/8/18 15:58,33,3.3,330
2023/8/18 15:59,32,3.2,320
2023/8/18 16:00,31,3.1,310
2023/8/18 16:01,30,3,300
2023/8/18 16:02,29,2.9,290
2023/8/18 16:03,28,2.8,280
2023/8/18 16:04,27,2.7,270
2023/8/18 16:05,26,2.6,260
2023/8/18 16:06,25,2.5,250
2023/8/18 16:07,24,2.4,240
2023/8/18 16:08,23,2.3,230
2023/8/18 16:09,22,2.2,220
2023/8/18 16:10,21,2.1,210
2023/8/18 16:11,20,2,200
2023/8/18 16:12,19,1.9,190
2023/8/18 16:13,18,1.8,180
2023/8/18 16:14,17,1.7,170
2023/8/18 16:15,16,1.6,160
2023/8/18 16:16,15,1.5,150
2023/8/18 16:17,14,1.4,140
2023/8/18 16:18,13,1.3,130
2023/8/18 16:19,12,1.2,120
2023/8/18 16:20,11,1.1,110
2023/8/18 16:21,10,1,100
2023/8/18 16:22,9,0.9,90
2023/8/18 16:23,8,0.8,80
2023/8/18 16:24,7,0.7,70
2023/8/18 16:25,6,0.6,60
2023/8/18 16:26,5,0.5,50
2023/8/18 16:27,4,0.4,40
2023/8/18 16:28,3,0.3,30
2023/8/18 16:29,2,0.2,20
2023/8/18 16:30,1,0.1,10
2023/8/18 16:31,2,0.2,20
2023/8/18 16:32,3,0.3,30
2023/8/18 16:33,4,0.4,40
2023/8/18 16:34,5,0.5,50
2023/8/18 16:35,6,0.6,60
2023/8/18 16:36,7,0.7,70
2023/8/18 16:37,8,0.8,80
2023/8/18 16:38,9,0.9,90
2023/8/18 16:39,10,1,100
2023/8/18 16:40,11,1.1,110
2023/8/18 16:41,12,1.2,120
2023/8/18 16:42,13,1.3,130
2023/8/18 16:43,14,1.4,140
2023/8/18 16:44,15,1.5,150
2023/8/18 16:45,16,1.6,160
2023/8/18 16:46,17,1.7,170
2023/8/18 16:47,18,1.8,180
2023/8/18 16:48,19,1.9,190
2023/8/18 16:49,20,2,200
2023/8/18 16:50,21,2.1,210
2023/8/18 16:51,22,2.2,220
2023/8/18 16:52,23,2.3,230
2023/8/18 16:53,24,2.4,240
2023/8/18 16:54,25,2.5,250
2023/8/18 16:55,26,2.6,260
2023/8/18 16:56,27,2.7,270
2023/8/18 16:57,28,2.8,280
2023/8/18 16:58,29,2.9,290
2023/8/18 16:59,30,3,300
2023/8/18 17:00,31,3.1,310
2023/8/18 17:01,32,3.2,320
2023/8/18 17:02,33,3.3,330
2023/8/18 17:03,34,3.4,340
2023/8/18 17:04,35,3.5,350
2023/8/18 17:05,36,3.6,360
2023/8/18 17:06,37,3.7,370
2023/8/18 17:07,38,3.8,380
2023/8/18 17:08,39,3.9,390
2023/8/18 17:09,40,4,400
2023/8/18 17:10,41,4.1,410
2023/8/18 17:11,42,4.2,420
2023/8/18 17:12,43,4.3,430
2023/8/18 17:13,44,4.4,440
2023/8/18 17:14,45,4.5,450
2023/8/18 17:15,46,4.6,460
2023/8/18 17:16,47,4.7,470
2023/8/18 17:17,48,4.8,480
2023/8/18 17:18,49,4.9,490
2023/8/18 17:19,50,5,500
2023/8/18 17:20,51,5.1,510
2023/8/18 17:21,52,5.2,520
2023/8/18 17:22,53,5.3,530
2023/8/18 17:23,54,5.4,540
2023/8/18 17:24,55,5.5,550
2023/8/18 17:25,56,5.6,560
2023/8/18 17:26,57,5.7,570
2023/8/18 17:27,58,5.8,580
2023/8/18 17:28,59,5.9,590
2023/8/18 17:29,60,6,600
2023/8/18 17:30,61,6.1,610
2023/8/18 17:31,62,6.2,620
2023/8/18 17:32,63,6.3,630
2023/8/18 17:33,64,6.4,640
2023/8/18 17:34,65,6.5,650
2023/8/18 17:35,66,6.6,660
2023/8/18 17:36,67,6.7,670
2023/8/18 17:37,68,6.8,680
2023/8/18 17:38,69,6.9,690
2023/8/18 17:39,70,7,700
2023/8/18 17:40,71,7.1,710
2023/8/18 17:41,72,7.2,720
2023/8/18 17:42,73,7.3,730
2023/8/18 17:43,74,7.4,740
2023/8/18 17:44,75,7.5,750
2023/8/18 17:45,76,7.6,760
2023/8/18 17:46,77,7.7,770
2023/8/18 17:47,78,7.8,780
2023/8/18 17:48,79,7.9,790
2023/8/18 17:49,80,8,800
2023/8/18 17:50,81,8.1,810
2023/8/18 17:51,82,8.2,820
2023/8/18 17:52,83,8.3,830
2023/8/18 17:53,84,8.4,840
2023/8/18 17:54,85,8.5,850
2023/8/18 17:55,86,8.6,860
2023/8/18 17:56,87,8.7,870
2023/8/18 17:57,88,8.8,880
2023/8/18 17:58,89,8.9,890
2023/8/18 17:59,90,9,900
2023/8/18 18:00,91,9.1,910
2023/8/18 18:01,92,9.2,920
2023/8/18 18:02,93,9.3,930
2023/8/18 18:03,94,9.4,940
2023/8/18 18:04,95,9.5,950
2023/8/18 18:05,96,9.6,960
2023/8/18 18:06,97,9.7,970
2023/8/18 18:07,98,9.8,980
2023/8/18 18:08,99,9.9,990
2023/8/18 18:09,100,10,1000
2023/8/18 18:10,99,9.9,990
2023/8/18 18:11,98,9.8,980
2023/8/18 18:12,97,9.7,970
2023/8/18 18:13,96,9.6,960
2023/8/18 18:14,95,9.5,950
2023/8/18 18:15,94,9.4,940
2023/8/18 18:16,93,9.3,930
2023/8/18 18:17,92,9.2,920
2023/8/18 18:17,91,9.1,910
2023/8/18 18:18,90,9,900
2023/8/18 18:19,89,8.9,890
2023/8/18 18:20,88,8.8,880
2023/8/18 18:21,87,8.7,870
2023/8/18 18:22,86,8.6,860
2023/8/18 18:23,85,8.5,850
2023/8/18 18:24,84,8.4,840
2023/8/18 18:25,83,8.3,830
2023/8/18 18:26,82,8.2,820
2023/8/18 18:27,81,8.1,810
2023/8/18 18:28,80,8,800
2023/8/18 18:29,79,7.9,790
2023/8/18 18:30,78,7.8,780
2023/8/18 18:31,77,7.7,770
2023/8/18 18:32,76,7.6,760
2023/8/18 18:33,75,7.5,750
2023/8/18 18:34,74,7.4,740
2023/8/18 18:35,73,7.3,730
2023/8/18 18:36,72,7.2,720
2023/8/18 18:37,71,7.1,710
2023/8/18 18:38,70,7,700
2023/8/18 18:39,69,6.9,690
2023/8/18 18:40,68,6.8,680
2023/8/18 18:41,67,6.7,670
2023/8/18 18:42,66,6.6,660
2023/8/18 18:43,65,6.5,650
2023/8/18 18:44,64,6.4,640
2023/8/18 18:45,63,6.3,630
2023/8/18 18:46,62,6.2,620
2023/8/18 18:47,61,6.1,610
2023/8/18 18:48,60,6,600
2023/8/18 18:49,59,5.9,590
2023/8/18 18:50,58,5.8,580
2023/8/18 18:51,57,5.7,570
2023/8/18 18:52,56,5.6,560
2023/8/18 18:53,55,5.5,550
2023/8/18 18:54,54,5.4,540
2023/8/18 18:55,53,5.3,530
2023/8/18 18:56,52,5.2,520
2023/8/18 18:57,51,5.1,510
2023/8/18 18:58,50,5,500
2023/8/18 18:59,49,4.9,490
2023/8/18 19:00,48,4.8,480
2023/8/18 19:01,47,4.7,470
2023/8/18 19:02,46,4.6,460
2023/8/18 19:03,45,4.5,450
2023/8/18 19:04,44,4.4,440
2023/8/18 19:05,43,4.3,430
2023/8/18 19:06,42,4.2,420
2023/8/18 19:07,41,4.1,410
2023/8/18 19:08,40,4,400
2023/8/18 19:09,39,3.9,390
2023/8/18 19:10,38,3.8,380
2023/8/18 19:11,37,3.7,370
2023/8/18 19:12,36,3.6,360
2023/8/18 19:13,35,3.5,350
2023/8/18 19:14,34,3.4,340
2023/8/18 19:15,33,3.3,330
2023/8/18 19:16,32,3.2,320
2023/8/18 19:17,31,3.1,310
2023/8/18 19:18,30,3,300
2023/8/18 19:19,29,2.9,290
2023/8/18 19:20,28,2.8,280
2023/8/18 19:21,27,2.7,270
2023/8/18 19:22,26,2.6,260
2023/8/18 19:23,25,2.5,250
2023/8/18 19:24,24,2.4,240
2023/8/18 19:25,23,2.3,230
2023/8/18 19:26,22,2.2,220
2023/8/18 19:27,21,2.1,210
2023/8/18 19:28,20,2,200
2023/8/18 19:29,19,1.9,190
2023/8/18 19:30,18,1.8,180
2023/8/18 19:31,17,1.7,170
2023/8/18 19:32,16,1.6,160
2023/8/18 19:33,15,1.5,150
2023/8/18 19:34,14,1.4,140
2023/8/18 19:35,13,1.3,130
2023/8/18 19:36,12,1.2,120
2023/8/18 19:37,11,1.1,110
2023/8/18 19:38,10,1,100
2023/8/18 19:39,9,0.9,90
2023/8/18 19:40,8,0.8,80
2023/8/18 19:41,7,0.7,70
2023/8/18 19:42,6,0.6,60
2023/8/18 19:43,5,0.5,50
2023/8/18 19:44,4,0.4,40
2023/8/18 19:45,3,0.3,30
2023/8/18 19:46,2,0.2,20
2023/8/18 19:47,1,0.1,10
2023/8/18 19:48,2,0.2,20
2023/8/18 19:49,3,0.3,30
2023/8/18 19:50,4,0.4,40
2023/8/18 19:51,5,0.5,50
2023/8/18 19:52,6,0.6,60
2023/8/18 19:53,7,0.7,70
2023/8/18 19:54,8,0.8,80
2023/8/18 19:55,9,0.9,90
2023/8/18 19:56,10,1,100
2023/8/18 19:57,11,1.1,110
2023/8/18 19:58,12,1.2,120
2023/8/18 19:59,13,1.3,130
2023/8/18 20:00,14,1.4,140
2023/8/18 20:01,15,1.5,150
2023/8/18 20:02,16,1.6,160
2023/8/18 20:03,17,1.7,170
2023/8/18 20:04,18,1.8,180
2023/8/18 20:05,19,1.9,190
2023/8/18 20:06,20,2,200
2023/8/18 20:07,21,2.1,210
2023/8/18 20:08,22,2.2,220
2023/8/18 20:09,23,2.3,230
2023/8/18 20:10,24,2.4,240
2023/8/18 20:11,25,2.5,250
2023/8/18 20:12,26,2.6,260
2023/8/18 20:13,27,2.7,270
2023/8/18 20:14,28,2.8,280
2023/8/18 20:15,29,2.9,290
2023/8/18 20:16,30,3,300
2023/8/18 20:17,31,3.1,310
2023/8/18 20:18,32,3.2,320
2023/8/18 20:19,33,3.3,330
2023/8/18 20:20,34,3.4,340
2023/8/18 20:21,35,3.5,350
2023/8/18 20:22,36,3.6,360
2023/8/18 20:23,37,3.7,370
2023/8/18 20:24,38,3.8,380
2023/8/18 20:25,39,3.9,390
2023/8/18 20:26,40,4,400
2023/8/18 20:27,41,4.1,410
2023/8/18 20:28,42,4.2,420
2023/8/18 20:29,43,4.3,430
2023/8/18 20:30,44,4.4,440
2023/8/18 20:31,45,4.5,450
2023/8/18 20:32,46,4.6,460
2023/8/18 20:33,47,4.7,470
2023/8/18 20:34,48,4.8,480
2023/8/18 20:35,49,4.9,490
2023/8/18 20:36,50,5,500
2023/8/18 20:37,51,5.1,510
2023/8/18 20:38,52,5.2,520
2023/8/18 20:39,53,5.3,530
2023/8/18 20:40,54,5.4,540
2023/8/18 20:41,55,5.5,550
2023/8/18 20:42,56,5.6,560
2023/8/18 20:43,57,5.7,570
2023/8/18 20:44,58,5.8,580
2023/8/18 20:45,59,5.9,590
2023/8/18 20:46,60,6,600
2023/8/18 20:47,61,6.1,610
2023/8/18 20:48,62,6.2,620
2023/8/18 20:49,63,6.3,630
2023/8/18 20:50,64,6.4,640
2023/8/18 20:51,65,6.5,650
2023/8/18 20:52,66,6.6,660
2023/8/18 20:53,67,6.7,670
2023/8/18 20:54,68,6.8,680
2023/8/18 20:55,69,6.9,690
2023/8/18 20:56,70,7,700
2023/8/18 20:57,71,7.1,710
2023/8/18 20:58,72,7.2,720
2023/8/18 20:59,73,7.3,730
2023/8/18 21:00,74,7.4,740
2023/8/18 21:01,75,7.5,750
2023/8/18 21:02,76,7.6,760
2023/8/18 21:03,77,7.7,770
2023/8/18 21:04,78,7.8,780
2023/8/18 21:05,79,7.9,790
2023/8/18 21:06,80,8,800
2023/8/18 21:07,81,8.1,810
2023/8/18 21:08,82,8.2,820
2023/8/18 21:09,83,8.3,830
2023/8/18 21:10,84,8.4,840
2023/8/18 21:11,85,8.5,850
2023/8/18 21:12,86,8.6,860
2023/8/18 21:13,87,8.7,870
2023/8/18 21:14,88,8.8,880
2023/8/18 21:15,89,8.9,890
2023/8/18 21:16,90,9,900
2023/8/18 21:17,91,9.1,910
2023/8/18 21:18,92,9.2,920
2023/8/18 21:19,93,9.3,930
2023/8/18 21:20,94,9.4,940
2023/8/18 21:21,95,9.5,950
2023/8/18 21:22,96,9.6,960
2023/8/18 21:23,97,9.7,970
2023/8/18 21:24,98,9.8,980
2023/8/18 21:25,99,9.9,990
2023/8/18 21:26,100,10,1000
2023/8/18 21:27,99,9.9,990
2023/8/18 21:28,98,9.8,980
2023/8/18 21:29,97,9.7,970
2023/8/18 21:30,96,9.6,960
2023/8/18 21:31,95,9.5,950
2023/8/18 21:32,94,9.4,940
2023/8/18 21:33,93,9.3,930
2023/8/18 21:34,92,9.2,920
2023/8/18 21:35,91,9.1,910
2023/8/18 21:36,90,9,900
2023/8/18 21:37,89,8.9,890
2023/8/18 21:38,88,8.8,880
2023/8/18 21:39,87,8.7,870
2023/8/18 21:40,86,8.6,860
2023/8/18 21:41,85,8.5,850
2023/8/18 21:42,84,8.4,840
2023/8/18 21:43,83,8.3,830
2023/8/18 21:44,82,8.2,820
2023/8/18 21:45,81,8.1,810
2023/8/18 21:46,80,8,800
2023/8/18 21:47,79,7.9,790
2023/8/18 21:48,78,7.8,780
2023/8/18 21:49,77,7.7,770
2023/8/18 21:50,76,7.6,760
2023/8/18 21:51,75,7.5,750
2023/8/18 21:52,74,7.4,740
2023/8/18 21:53,73,7.3,730
2023/8/18 21:54,72,7.2,720
2023/8/18 21:55,71,7.1,710
2023/8/18 21:56,70,7,700
2023/8/18 21:57,69,6.9,690
2023/8/18 21:58,68,6.8,680
2023/8/18 21:59,67,6.7,670
2023/8/18 22:00,66,6.6,660
2023/8/18 22:01,65,6.5,650
2023/8/18 22:02,64,6.4,640
2023/8/18 22:03,63,6.3,630
2023/8/18 22:04,62,6.2,620
2023/8/18 22:05,61,6.1,610
2023/8/18 22:06,60,6,600
2023/8/18 22:07,59,5.9,590
2023/8/18 22:08,58,5.8,580
2023/8/18 22:09,57,5.7,570
2023/8/18 22:10,56,5.6,560
2023/8/18 22:11,55,5.5,550
2023/8/18 22:12,54,5.4,540
2023/8/18 22:13,53,5.3,530
2023/8/18 22:14,52,5.2,520
2023/8/18 22:15,51,5.1,510
2023/8/18 22:16,50,5,500
2023/8/18 22:17,49,4.9,490
2023/8/18 22:18,48,4.8,480
2023/8/18 22:19,47,4.7,470
2023/8/18 22:20,46,4.6,460
2023/8/18 22:21,45,4.5,450
2023/8/18 22:22,44,4.4,440
2023/8/18 22:23,43,4.3,430
2023/8/18 22:24,42,4.2,420
2023/8/18 22:25,41,4.1,410
2023/8/18 22:26,40,4,400
2023/8/18 22:27,39,3.9,390
2023/8/18 22:28,38,3.8,380
2023/8/18 22:29,37,3.7,370
2023/8/18 22:30,36,3.6,360
2023/8/18 22:31,35,3.5,350
2023/8/18 22:32,34,3.4,340
2023/8/18 22:33,33,3.3,330
2023/8/18 22:34,32,3.2,320
2023/8/18 22:35,31,3.1,310
2023/8/18 22:36,30,3,300
2023/8/18 22:37,29,2.9,290
2023/8/18 22:38,28,2.8,280
2023/8/18 22:39,27,2.7,270
2023/8/18 22:40,26,2.6,260
2023/8/18 22:41,25,2.5,250
2023/8/18 22:42,24,2.4,240
2023/8/18 22:43,23,2.3,230
2023/8/18 22:44,22,2.2,220
2023/8/18 22:45,21,2.1,210
2023/8/18 22:46,20,2,200
2023/8/18 22:47,19,1.9,190
2023/8/18 22:48,18,1.8,180
2023/8/18 22:49,17,1.7,170
2023/8/18 22:50,16,1.6,160
2023/8/18 22:51,15,1.5,150
2023/8/18 22:52,14,1.4,140
2023/8/18 22:53,13,1.3,130
2023/8/18 22:54,12,1.2,120
2023/8/18 22:55,11,1.1,110
2023/8/18 22:56,10,1,100
2023/8/18 22:57,9,0.9,90
2023/8/18 22:58,8,0.8,80
2023/8/18 22:59,7,0.7,70
2023/8/18 23:00,6,0.6,60
2023/8/18 23:01,5,0.5,50
2023/8/18 23:02,4,0.4,40
2023/8/18 23:03,3,0.3,30
2023/8/18 23:04,2,0.2,20
2023/8/18 23:05,1,0.1,10
2023/8/18 23:06,2,0.2,20
2023/8/18 23:07,3,0.3,30
2023/8/18 23:08,4,0.4,40
2023/8/18 23:09,5,0.5,50
2023/8/18 23:10,6,0.6,60
2023/8/18 23:11,7,0.7,70
2023/8/18 23:12,8,0.8,80
2023/8/18 23:13,9,0.9,90
2023/8/18 23:14,10,1,100
2023/8/18 23:15,11,1.1,110
2023/8/18 23:16,12,1.2,120
2023/8/18 23:17,13,1.3,130
2023/8/18 23:18,14,1.4,140
2023/8/18 23:19,15,1.5,150
2023/8/18 23:20,16,1.6,160
2023/8/18 23:21,17,1.7,170
2023/8/18 23:22,18,1.8,180
2023/8/18 23:23,19,1.9,190
2023/8/18 23:24,20,2,200
2023/8/18 23:25,21,2.1,210
2023/8/18 23:26,22,2.2,220
2023/8/18 23:27,23,2.3,230
2023/8/18 23:28,24,2.4,240
2023/8/18 23:29,25,2.5,250
2023/8/18 23:30,26,2.6,260
2023/8/18 23:31,27,2.7,270
2023/8/18 23:32,28,2.8,280
2023/8/18 23:33,29,2.9,290
2023/8/18 23:34,30,3,300
2023/8/18 23:35,31,3.1,310
2023/8/18 23:36,32,3.2,320
2023/8/18 23:37,33,3.3,330
2023/8/18 23:38,34,3.4,340
2023/8/18 23:39,35,3.5,350
2023/8/18 23:40,36,3.6,360
2023/8/18 23:41,37,3.7,370
2023/8/18 23:42,38,3.8,380
2023/8/18 23:43,39,3.9,390
2023/8/18 23:44,40,4,400
2023/8/18 23:45,41,4.1,410
2023/8/18 23:46,42,4.2,420
2023/8/18 23:47,43,4.3,430
2023/8/18 23:48,44,4.4,440
2023/8/18 23:49,45,4.5,450
2023/8/18 23:50,46,4.6,460
2023/8/18 23:51,47,4.7,470
2023/8/18 23:52,48,4.8,480
2023/8/18 23:53,49,4.9,490
2023/8/18 23:54,50,5,500
2023/8/18 23:55,51,5.1,510
2023/8/18 23:56,52,5.2,520
2023/8/18 23:57,53,5.3,530
2023/8/18 23:58,54,5.4,540
2023/8/18 23:59,55,5.5,550
